t,a,b,c,q0,q1,q2,q3,phi
0.0,0.0,0.0,0.0,1.0,0.0,0.0,0.0,0.0
0.005,0.0029999383159318434,1.3878115928696163e-10,6.16838581960192e-08,0.999998875046473,0.001499968595500683,2.3128576510630464e-11,3.084199848596298e-08,0.0001
0.01,0.005999506544048121,2.220412569747422e-09,4.934506409469671e-07,0.999995500743497,0.002999748773136452,3.7008731237888647e-10,2.467275407329269e-07,0.0002
0.015,0.008998334836084964,1.121145814451963e-08,1.6650915118137636e-06,0.9999898787629989,0.004499152238989285,1.8599222336008571e-09,8.32562550542671e-07,0.0003
0.02,0.011996053395548049,3.5426696778834387e-08,3.946334292166993e-06,0.9999820118898484,0.00599799073336975,5.877991502210374e-09,1.9732378970375826e-06,0.0004
0.025,0.014992292335069206,8.657074046205029e-08,7.707017053177637e-06,0.9999719040204558,0.0074960759636763345,1.4397961444664165e-08,3.853724728934521e-06,0.0005
0.03,0.01798668238642294,1.7960957677116005e-07,1.3316223798245175e-05,0.9999595601574837,0.008993219963582454,2.99232918462222e-08,6.658650280440029e-06,0.0006
0.035,0.02097885491856693,3.3276723559277426e-07,2.114226250153672e-05,0.999944986404307,0.010489235106238894,5.549138342155558e-08,1.0572294932106255e-05,0.0007000000000000001
0.04,0.02396844193764201,5.675257891231204e-07,3.155266510798703e-05,0.9999281899588144,0.011983934108462609,9.467998779112168e-08,1.577860025204226e-05,0.0008
0.045,0.02695507608697219,9.086253518680442e-07,4.4914187533298485e-05,0.9999091791065297,0.01347713003493565,1.5161424212931774e-07,2.2461177028111995e-05,0.0009
0.05,0.029938390647064654,1.3840640806430091e-06,6.159280966394115e-05,0.9998879632130535,0.014968636302417583,2.3097432443431956e-07,3.080331328737483e-05,0.001
0.055,0.03291801953560975,2.025098174573095e-06,8.195373535715267e-05,0.9998645527158317,0.016458266683975015,3.38003725458137e-07,4.0987982298962405e-05,0.0011
0.06,0.03589359737854912,2.8662160408409596e-06,0.00010636130642866279,0.9998389591146164,0.017945835348759407,4.785059882678236e-07,5.319780732551426e-05,0.0012
0.065,0.03886476037890453,3.944874581743398e-06,0.00013517794901582393,0.9998111949532268,0.019431157300598773,6.587328963240467e-07,6.761454021049749e-05,0.0013000000000000002
0.07,0.04183114530542213,5.301923481878938e-06,0.0001687653951581024,0.999781273816401,0.02091404787666713,8.855981437662228e-07,8.441968341445603e-05,0.0014000000000000002
0.075,0.044792390113343225,6.981279616660075e-06,0.0002074839353750747,0.9997492103122712,0.02239432306210595,1.1665332816354603e-06,0.00010379412115907307,0.0015
0.08,0.047748134237917544,9.029807168363816e-06,0.0002516920639557013,0.9997150200553607,0.023871799641029857,1.5094457219303747e-06,0.00012591794791968905,0.0016
0.085,0.05069801859440325,1.1497317626131663e-05,0.00030174647895832616,0.9996787196513747,0.02534629520081667,1.9227343182032113e-06,0.00015097047521819842,0.0017000000000000001
0.09,0.05364168557806697,1.4436569785969629e-05,0.0003580020822106767,0.9996403266813823,0.02681762813641941,2.4153054924134592e-06,0.00017913023839489874,0.0018
0.095,0.05657877906418375,1.790326975074824e-05,0.00042081197930986464,0.9995998596854047,0.02828561765470324,2.9965898987672838e-06,0.00021057500335556751,0.0019
0.1,0.059508944408037105,2.1956070930202505e-05,0.0004905274796223851,0.9995573381454091,0.029750083778810846,3.676559615371381e-06,0.00024548177328990415,0.002
0.105,0.06243182844491897,2.6656574040931953e-05,0.0005674980962841165,0.9995127824677241,0.03121084735255956,4.465745854627938e-06,0.0002840267953573411,0.0021
0.11,0.0653470797997248,3.206912379720486e-05,0.0006520711771867577,0.9994662139598819,0.032667730199554636,5.375161559951364e-06,0.00032638537960779734,0.0022
0.115,0.06825434939047256,3.826055990434644e-05,0.0007445912979794346,0.9994176548023384,0.03412055537916333,6.416207286816812e-06,0.00037273159732787337,0.0023
0.12,0.07115328949218866,4.530082319599489e-05,0.0008454013782204163,0.9993671280427822,0.03556914672323024,7.60097711734196e-06,0.00042323885459814815,0.0024
0.125,0.07404355459943046,5.326229857817718e-05,0.000954841660694666,0.9993146575610673,0.037013329271453996,8.941968179723775e-06,0.00047807937722321275,0.0025
0.13,0.07692480148227182,6.221977556286409e-05,0.0010732496449052714,0.9992602680452992,0.038452929303758945,1.0452085444182062e-05,0.0005374241815370238,0.0026000000000000003
0.135,0.07979668918630321,7.225044826797028e-05,0.0012009600870734462,0.999203984968312,0.03988777434471618,1.2144665621127885e-05,0.0006014430790369403,0.0027
0.14,0.08265887903263167,8.343391541735425e-05,0.001338305000138529,0.9991458345636894,0.04131769316798969,1.4033501454001653e-05,0.0006703046809889286,0.0028000000000000004
0.145,0.08551103461788073,9.58521803408183e-05,0.0014856136537579846,0.9990858438013368,0.04274251580081089,1.613286639301526e-05,0.0007441764030000752,0.0029
0.15,0.08835282181419057,0.00010958965097410882,0.0016432125743074042,0.9990240403626215,0.044162073528484634,1.845753963615672e-05,0.0008232244695543714,0.003
0.155,0.09118390876922727,0.00012473313984927281,0.001811425544869708,0.9989604526150873,0.04557619889893443,2.1022831519361182e-05,0.0009076139185019123,0.0031
0.16,0.09400396650452125,0.0001413712790697367,0.0019905729124397855,0.9988951095730851,0.046984726025821606,2.384433303934206e-05,0.0009975082457568956,0.0032
0.165,0.0968126686758073,0.00015959485784064923,0.0021809718507888386,0.9988280408753992,0.048387490473418844,2.6938106639179012e-05,0.0010930695472072254,0.0033000000000000004
0.17,0.09960969134575713,0.0001794969694293296,0.0023829366336506827,0.9987592767631573,0.04978432914772408,3.0320780728946588e-05,0.0011944586623742722,0.0034000000000000002
0.17500000000000002,0.102394713568168,0.00020117238140851973,0.002596777966405426,0.998688848038172,0.05117508059238275,3.4009279087751586e-05,0.0013018348285896318,0.0035000000000000005
0.18,0.10516741738796276,0.0002247175356563843,0.002822802986079469,0.9986167860335923,0.05255958499307381,3.802085054397567e-05,0.0014153556828855923,0.0036
0.185,0.1079274878411899,0.0002502305483565112,0.0030613152613455097,0.9985431225842887,0.05393768418190739,4.2373098861819524e-05,0.0015351772638634708,0.0037
0.19,0.11067461295502345,0.00027781120999791076,0.0033126147925225348,0.9984678899969848,0.05530922164183657,4.7084012816822146e-05,0.001661454013536052,0.0038
0.195,0.11340848374776305,0.0003075609853750164,0.0035769980115758267,0.9983911210201541,0.05667404251108626,5.217199644319544e-05,0.001794338779140177,0.0039000000000000003
0.2,0.1161287942288339,0.0003395830135876843,0.00385475778211696,0.998312848813696,0.058031993587601804,5.765589943597988e-05,0.001933982814915286,0.004
0.20500000000000002,0.118835241431194,0.0003739820633527394,0.004146183364100381,0.9982331069174872,0.059382923349648536,6.355502640094138e-05,0.0020805357648972143,0.0041
0.21,0.12152752609234477,0.00041086363689241026,0.0044515596625482766,0.9981519292008852,0.06072668229914559,6.988874245397937e-05,0.002234145262344807,0.0042
0.215,0.12420535196941752,0.00045033497429050314,0.00477116796016112,0.9980693498500366,0.062063122625080916,7.667698581540142e-05,0.0023949573251608363,0.0043
0.22,0.1268684261541691,0.0004925045262177826,0.005105285593977459,0.9979854033273519,0.06339209836454877,8.394004550597484e-05,0.0025631161797126,0.0044
0.225,0.1295164593458622,0.0005374815624186488,0.005454185661390984,0.9979001243311175,0.06471346554263706,9.169840720386614e-05,0.0027387641016317923,0.0045000000000000005
0.23,0.13214916585126515,0.0005853761717111367,0.00581813702015053,0.997813547762644,0.0660270821764724,9.997278625019555e-05,0.002922041414706342,0.0046
0.23500000000000001,0.13476626358465216,0.0006362992619869168,0.006197404288360072,0.9977257086933979,0.0673328082792522,0.00010878416062361394,0.0031130864897650798,0.0047
0.24,0.13736747406780309,0.0006903625602112939,0.006592247844478723,0.9976366423321302,0.06863050586426614,0.00011815380386460156,0.00331203574355151,0.0048
0.245,0.13995252243000367,0.0007476786124232095,0.007002923827320748,0.9975463839920232,0.06992003894890969,0.00012810331793041693,0.003519023637582805,0.0049
0.25,0.14252113740804528,0.0008083607837352388,0.0074296841360555425,0.997454969057871,0.07120127355869225,0.00013865466596185634,0.003734182676989885,0.005
0.255,0.14507305145782662,0.0008725230626857253,0.00787277631946097,0.9973624329495625,0.07247407778650794,0.00014983011116956297,0.003957643347026078,0.0051
0.26,0.14760800125990534,0.0009402792267941955,0.00833244305682996,0.9972688110718966,0.07373832204682713,0.00016165185169652723,0.004189533821706954,0.005200000000000001
0.265,0.15012572702965613,0.001011744070089792,0.008808922835798719,0.9971741388044364,0.07499387873771622,0.00017414264299218588,0.0044299803434355535,0.0053
0.27,0.15262597300823413,0.0010870324643319333,0.00930244949084305,0.9970784514520458,0.07624062248750207,0.0001873253782583634,0.0046791069565688,0.0054
0.275,0.15510848755325374,0.0011662591947124126,0.009813252115062008,0.9969817842084681,0.07747843020296914,0.00020122304292589759,0.004937035453640313,0.0055000000000000005
0.28,0.15757302313878865,0.001249538959855398,0.01034155506017791,0.9968841721231451,0.07870718107259073,0.0002158587478400253,0.005203885371444396,0.005600000000000001
0.28500000000000003,0.16001933635537183,0.0013369863718174324,0.01088757793653632,0.9967856500682923,0.07992675656971329,0.00023125576216602862,0.005479773987139446,0.005700000000000001
0.29,0.16244718790999554,0.0014287159560874329,0.01145153561310605,0.9966862527062432,0.08113704045569567,0.00024743754599560266,0.005764816314367435,0.0058
0.295,0.16485634262611149,0.0015248421515866944,0.01203363821747919,0.9965860144570868,0.08233791878300628,0.00026442778263471216,0.0060591250993859615,0.0059
0.3,0.16724656944363048,0.0016254793106688827,0.012634091135871063,0.9964849694666172,0.08352927989828052,0.0002822504105540214,0.006362810817209222,0.006
0.305,0.1696176416556884,0.0017307411934556196,0.013253094813183606,0.9963831515656106,0.08471101456161549,0.00030092941074338594,0.006675981546768277,0.0061
0.31,0.17196933703378237,0.0018407407555106434,0.013890844618268259,0.9962805942332942,0.08588301601068085,0.000320488738035938,0.006998742889427327,0.0062
0.315,0.1743014374613946,0.0019555909052067803,0.014547531165629938,0.9961773305799225,0.08704517978324368,0.0003409527173509636,0.007331198156308965,0.0063
0.32,0.17661372933702038,0.0020754035959740383,0.015223339999493506,0.9960733933004671,0.08819740391733587,0.0003623456343821176,0.007673448167318526,0.0064
0.325,0.17890600358190603,0.002200289809339771,0.015918451587496028,0.9959688146435467,0.08933958895702675,0.00038469175815368734,0.008025591241073061,0.006500000000000001
0.33,0.18117805564004894,0.002330359554928679,0.01663304132068677,0.9958636263811581,0.09047163795430646,0.0004080153712904312,0.008387723188739642,0.006600000000000001
0.335,0.1834296854781974,0.0024657218704628083,0.017367279513527206,0.9957578597789275,0.0915934564708839,0.00043234079977132764,0.008759937307930548,0.0067
0.34,0.18566069758585094,0.002606484821761551,0.018121331403891015,0.995651545566911,0.0927049525799011,0.0004576924421492893,0.009142324376652782,0.0068000000000000005
0.34500000000000003,0.18787090097525988,0.0027527555027416434,0.01889535715306407,0.9955447139109533,0.09380603686756696,0.00048409479821926967,0.009534972647309271,0.006900000000000001
0.35000000000000003,0.19006010918900207,0.0029046400161332852,0.01968951184134138,0.9954373943843146,0.0948966224383892,0.0005115724876909186,0.009937967837644824,0.007000000000000001
0.355,0.19222814063649857,0.003062242633977886,0.020503945256993887,0.9953296159261957,0.09597662507982588,0.000540149868305125,0.01035139297958644,0.0070999999999999995
0.36,0.1943748183155701,0.0032256665371797246,0.021338802029398838,0.9952214068263057,0.09704596312806263,0.0005698514262386801,0.01077532851321942,0.0072
0.365,0.19649996989170837,0.0033950135725676167,0.02219422161944844,0.9951127946951589,0.09810455750727366,0.0006007016816987796,0.011209852264071566,0.0073
0.37,0.1986034278689778,0.0035703838094048425,0.02307033822785632,0.9950038064311368,0.09915233181289565,0.0006327249976364698,0.01165503936894135,0.0074
0.375,0.2006850295900155,0.003751875539389148,0.023967280795157527,0.9948944681953624,0.1001892123117831,0.0006659456050445063,0.012110962268229478,0.0075
0.38,0.20274461723603115,0.003939585276652741,0.024885173001708526,0.9947848053873277,0.10121512794223814,0.0007003876275522877,0.012577690698376016,0.0076
0.385,0.20478203782680723,0.0041336077577622974,0.0258241332676872,0.9946748426212915,0.1022300103139166,0.0007360751053027248,0.01305529168440183,0.0077
0.39,0.20679714322069875,0.0043340359417189545,0.026784274753092856,0.9945646037034629,0.10323379370761218,0.0007730320180963808,0.013543829532553037,0.0078000000000000005
0.395,0.20878979011463353,0.004540961009958313,0.027765705357746213,0.9944541116099865,0.10422641507492117,0.0008112823077887374,0.014043365823047237,0.0079
0.4,0.21075984007921786,0.004754472267206455,0.02876852771328704,0.994343388464147,0.1052078140545422,0.0008508498508004931,0.014553959393744698,0.008
0.405,0.21270715982480018,0.004974656402197404,0.02979283909681917,0.9942324555039966,0.10617793309842265,0.0008917581140482568,0.015075666250831062,0.008100000000000001
0.41000000000000003,0.21463162087605556,0.005201598414862788,0.030838731486468665,0.9941213330776582,0.10713671731517253,0.0009340306355122569,0.015608539637023978,0.0082
0.41500000000000004,0.21653309977097504,0.005435381033226962,0.031906291559603506,0.9940100406153316,0.10808411456369615,0.0009776907522711046,0.01615262999271531,0.0083
0.42,0.21841147812399375,0.00567608453307266,0.03299560068272511,0.9938985966084969,0.10902007548145541,0.0010227615293392073,0.016707984933332906,0.0084
0.425,0.22026664262599105,0.005923786737941013,0.03410673491146838,0.9937870185929392,0.1099445534824102,0.0010692657772427055,0.017274649241254367,0.0085
0.43,0.2220984850442903,0.0061785630191315295,0.03523976499060164,0.993675323132724,0.1108575047547985,0.0011172260687387053,0.017852664857880333,0.0086
0.435,0.22390690222265913,0.0064404862957021065,0.03639475635402667,0.9935635258051325,0.11175888825875778,0.0011666647546673859,0.018442070875867456,0.0087
0.44,0.22569179608130915,0.006709627034469028,0.0375717691247787,0.9934516411865703,0.112648665723788,0.0012176039789270916,0.01904290353152158,0.0088
0.445,0.22745307361689623,0.0069860532500069655,0.03877085811502642,0.9933396828394587,0.11352680164605834,0.0012700656925631027,0.019655196197351562,0.0089
0.45,0.22919064693725466,0.007269830402366814,0.0399920728382102,0.9932276632983131,0.11439326330182088,0.0013240716151193361,0.020278979374992477,0.009000000000000001
0.455,0.2309044334511567,0.0075610208390308785,0.04123545754090789,0.9931155940490364,0.11524802083290189,0.0013796429659490182,0.020914280671708727,0.0091
0.46,0.2325943556179813,0.007859684532277261,0.04250105109751891,0.9930034855319935,0.11609104712572915,0.0014368008502418125,0.02156112478235691,0.0092
0.465,0.23426034110558397,0.008165878613021343,0.043788887118144104,0.9928913471241829,0.11692231788159577,0.0014955660301347049,0.022219533509273852,0.009300000000000001
0.47000000000000003,0.23590232282673496,0.008479657263420422,0.04509899396546029,0.9927791871291428,0.11774181162944586,0.0015559588793052407,0.022889525757004068,0.0094
0.47500000000000003,0.2375202389391192,0.008801071716873712,0.04643139475472024,0.9926670127698501,0.11854950972137394,0.001617999391282258,0.02357111752492703,0.009500000000000001
0.48,0.23911403284533636,0.009130170258022336,0.047786107353752647,0.9925548301826926,0.11934539632793476,0.001681707186811939,0.024264321900101384,0.0096
0.485,0.24068365319290097,0.009466998222749346,0.04916314438296225,0.9924426444125178,0.12012945843326316,0.0017471015202745895,0.024969149050328175,0.0097
0.49,0.24222905387424212,0.009811597998179693,0.05056251321532966,0.992330459408761,0.12090168583000419,0.0018142012851480186,0.02568560621743496,0.0098
0.495,0.24375019402670373,0.010164009022680253,0.05198421597641149,0.9922182780226646,0.12166207111405344,0.0018830250185141546,0.026413697710783474,0.0099
0.5,0.245247038039098,0.010524267767935405,0.05342824955484751,0.9921061020051154,0.12241060968213675,0.001953590894982228,0.027153424905126778,0.01
0.505,0.24671955568575013,0.01089240736453256,0.05489460577612204,0.9919939319969893,0.12314729978782729,0.0020259165309626215,0.027904786297859002,0.0101
0.51,0.24816772200205028,0.011268457931839759,0.05638327114517541,0.9918817675392323,0.12387214247752272,0.002100019167126271,0.02866777739508967,0.0102
0.515,0.24959151732338145,0.011652446488044949,0.057894226992998295,0.9917696070704568,0.12458514160247665,0.0021759156148645075,0.02944239077315966,0.0103
0.52,0.2509909273308953,0.012044396827576617,0.059427449563611325,0.9916574479259335,0.12528630383331624,0.002253622188862774,0.030228616108587663,0.010400000000000001
0.525,0.25236594305151216,0.012444329521103793,0.060982910014065174,0.9915452863411155,0.12597563865309921,0.002333154705425773,0.031026440172530145,0.0105
0.53,0.25371656085792127,0.01285226191553604,0.06256057441444049,0.9914331174562673,0.1266531583501578,0.002414528479844715,0.03183584682551201,0.0106
0.535,0.25504278246858053,0.013268208134023466,0.06416040374784794,0.9913209353221926,0.12731887801072864,0.002497758322808321,0.032656817012431394,0.010700000000000001
0.54,0.25634461494771654,0.013692179075956719,0.06578235391042819,0.9912087329070636,0.12797281551136708,0.0025828585358598716,0.033489328757842135,0.0108
0.545,0.25762207070532467,0.014124182416966983,0.0674263757113519,0.9910965021043437,0.12861499151114555,0.0026698429059032027,0.03433335716151732,0.010900000000000002
0.55,0.2588751674971691,0.014564222608925984,0.06909241487281977,0.9909842337418037,0.12924542944363318,0.0027587246987612647,0.03518887439429785,0.011000000000000001
0.555,0.2601039284374406,0.015012300866991872,0.07078041213696236,0.9908719175889528,0.12986415551485853,0.002849516638203595,0.0360558497463719,0.0111
0.56,0.26130838204961915,0.015468415057733968,0.07249030341396837,0.9907595423626216,0.13047119871830443,0.002942230831409348,0.03693424968984615,0.011200000000000002
0.5650000000000001,0.2624885622204603,0.015932559745114646,0.07422201938052272,0.9906470957489866,0.13106659080343103,0.0030368788091931524,0.03782403767926672,0.011300000000000001
0.5700000000000001,0.2636445082061186,0.01640472625167224,0.07597548584365314,0.9905345644094153,0.13165036627128063,0.003133471522270191,0.03872517433281113,0.011400000000000002
0.5750000000000001,0.26477626463400616,0.016884902658995015,0.07775062376748981,0.9904219339936908,0.13222256236631497,0.0032320193282291167,0.03963761744284065,0.011500000000000002
0.58,0.2658838815027926,0.01737307380772116,0.07954734927326532,0.9903091891548628,0.13278321906706006,0.0033325319791384167,0.040561321973470975,0.0116
0.585,0.26696741418240527,0.01786922129753881,0.08136557363931483,0.9901963135651265,0.13333237907652223,0.0034350186082669617,0.04149624005845722,0.0117
0.59,0.26802692341402923,0.018373323487186007,0.08320520330107584,0.990083289932721,0.13387008781237258,0.0035394877159272255,0.04244232099939755,0.0118
0.595,0.26906247531010685,0.018885355494450723,0.08506613985108837,0.9899701000198321,0.13439639339689818,0.0036459471544502747,0.043399511264259644,0.011899999999999999
0.6,0.2700741413543385,0.019405289196170867,0.08694828003899487,0.9898567246614938,0.13491134664671778,0.0037544041123022346,0.044367754486233944,0.012
0.605,0.2710619984016818,0.019933093228234264,0.08885151577154023,0.9897431437854721,0.1354150010622583,0.0038648650973525387,0.04534699146291793,0.0121
0.61,0.27202612865077397,0.020468733088793364,0.09077573424237022,0.9896293364311526,0.13590741280585195,0.0039773359622021776,0.04633716022697324,0.0122
0.615,0.2729666196189918,0.02101217128690366,0.09272081820548124,0.9895152807649411,0.13638864068253725,0.004091821941166383,0.047338196191356985,0.0123
0.62,0.2738835642854236,0.021563366821335847,0.09468664533521315,0.9894009541119431,0.13685874618707658,0.004208327413136827,0.048350031797940854,0.0124
0.625,0.2747770609434302,0.022122275667113132,0.09667308873133879,0.9892863329737892,0.13731779343118844,0.004326856091377401,0.04937259680052155,0.0125
0.63,0.27564721318744545,0.02268885082178503,0.09868001697222432,0.9891713930515154,0.13776584912709736,0.00444741102209135,0.05040581829526229,0.0126
0.635,0.27649412991297606,0.023263042305427327,0.10070729411482922,0.989056109269979,0.13820298257629587,0.0045699945626438915,0.05144962072206753,0.012700000000000001
0.64,0.2773179253166015,0.023844797160642132,0.10275477969470621,0.9889404558031213,0.13862926565807449,0.0046946083590564515,0.052503925866289596,0.0128
0.645,0.2781187188959742,0.024434059452557822,0.10482232872600133,0.9888244061000527,0.13904477281781544,0.004821253322786827,0.053568652860770845,0.0129
0.65,0.2788966354498195,0.02503077026882909,0.1069097917014539,0.9887079329119519,0.13944958105504884,0.0049499296068103256,0.05464371818822502,0.013000000000000001
0.655,0.27965180507793547,0.02563486771963691,0.10901701459239656,0.988591008319756,0.13984376991126746,0.005080636581017164,0.05572903568396105,0.0131
0.66,0.2803843631811931,0.02624628693768856,0.11114383884875519,0.988473603762625,0.1402274214574981,0.005213372806942184,0.056824516538952784,0.013200000000000002
0.665,0.2810944504614651,0.026864960078405144,0.11329010139918798,0.9883556900671631,0.1406006202815977,0.005348136011928255,0.05793006930333934,0.013300000000000001
0.67,0.28178221268359144,0.027490816971486726,0.11545563514622753,0.9882372374724684,0.14096345337705152,0.005484923356722439,0.059045600179613925,0.0134
0.675,0.2824478009383895,0.028123784504556052,0.11764026854531992,0.9881182156597513,0.14131601024315016,0.005623731125602351,0.06017101277669946,0.013500000000000002
0.68,0.28309137169227594,0.028763786427702415,0.119843825424549,0.9879985937876049,0.1416583828901052,0.005764554613165367,0.061306208011808264,0.013600000000000001
0.685,0.2837130865112161,0.029410744058139753,0.12206612549537216,0.98787834051993,0.14199066571062183,0.005907388416440425,0.06245108441605172,0.013700000000000002
0.6900000000000001,0.2843131120607242,0.030064576280206656,0.12430698435262037,0.987757424056914,0.1423129554676291,0.006052226406108346,0.06360553813975497,0.013800000000000002
0.6950000000000001,0.28489162010586333,0.030725199545366365,0.12656621347449815,0.9876358121665805,0.14262535128179238,0.006199061697222225,0.06476946295808123,0.013900000000000001
0.7000000000000001,0.2854487875112453,0.03139252787220677,0.12884362022258355,0.9875134722168911,0.14292795461880578,0.006347886619446326,0.06594275027696815,0.014000000000000002
0.705,0.28598479624103085,0.03206647284644039,0.13113900784182816,0.9873903712083744,0.14322086927646294,0.00649869268683231,0.06712528913937765,0.0141
0.71,0.28649983335892953,0.032746943620904446,0.1334521754605572,0.9872664758072646,0.1435042013715033,0.006651470567152221,0.06831696623186127,0.014199999999999999
0.715,0.28699409102819967,0.03343384691556076,0.13578291809046944,0.9871417523791263,0.14377805932623283,0.006806210050807631,0.06951766589144205,0.0143
0.72,0.2874677665116485,0.034127087017495825,0.13813102662663707,0.9870161670229434,0.14404255385491724,0.006962900019335338,0.0707272701128141,0.0144
0.725,0.287921062171632,0.03482656578092077,0.14049628784750592,0.9868896856056483,0.14429779794994627,0.007121528413529695,0.07194565855586071,0.014499999999999999
0.73,0.288354185155159,0.03553218327775725,0.1428784848370185,0.9867622737953438,0.1445439067360875,0.00728208250332108,0.07317270880681521,0.0146
0.735,0.28876734736252996,0.036243837987665305,0.14527739710159793,0.986633897089884,0.1447809974498351,0.00744454894220933,0.0744082964574901,0.0147
0.74,0.28916076619989806,0.03696142522332049,0.1476927995471374,0.9865045208567897,0.14500918973955565,0.007608913003581744,0.07565229449988296,0.0148
0.745,0.2895346638111248,0.03768483861062829,0.15012446344357958,0.9863741103684227,0.14522860532618428,0.0077751592366025486,0.07690457391312573,0.0149
0.75,0.28988926705416435,0.03841397013579094,0.1525721564555291,0.9862426308357974,0.14543936798091647,0.00794327145535084,0.07816500369080091,0.015
0.755,0.2902248075010637,0.03914871014530748,0.15503564264225272,0.9861100474426528,0.14564160351268984,0.008113232705881658,0.07943345085013895,0.0151
0.76,0.29054152143796264,0.039888947345973674,0.1575146824576792,0.9859763253797237,0.14583543975548652,0.008285025233104336,0.08070978044145628,0.0152
0.765,0.29083964986509364,0.040634568804882094,0.16000903275039932,0.9858414298791895,0.14602100655545627,0.008458630447498727,0.08199385555783366,0.015300000000000001
0.77,0.29111943849678207,0.04138545994942207,0.16251844676366603,0.9857053262492809,0.14619843575786,0.008634028891690034,0.08328553734503312,0.0154
0.775,0.2913811377614459,0.04214150456727969,0.16504267413539425,0.9855679799090148,0.14636786119383288,0.00881120020690322,0.0845846850116522,0.015500000000000002
0.78,0.291625002801596,0.04290258480643783,0.16758146089816095,0.9854293564230424,0.14652941866696903,0.008990123099318093,0.08589115583951382,0.015600000000000001
0.785,0.2918512934738359,0.04366858117517612,0.17013454947920523,0.9852894215365818,0.14668324593972712,0.00917077530634671,0.08720480519428903,0.015700000000000002
0.79,0.2920602743488621,0.04443937254207096,0.17270167870042813,0.9851481412104149,0.14682948271965893,0.009353133562854393,0.08852548653635019,0.0158
0.795,0.292252214059201,0.04521483712852424,0.17528258445963163,0.9850054816558674,0.1469682703688053,0.009537174035699139,0.08985305183524511,0.0159
0.8,0.29242738538055546,0.04599485257678859,0.1778769997056458,0.9848614093603126,0.14709975193595914,0.00972287232318572,0.09118735157347933,0.016
0.805,0.29258606655955866,0.04677929388457233,0.18048465303573236,0.9847158911231054,0.14722407270441293,0.009910202446937855,0.09252823392573067,0.0161
0.81,0.2927285399480621,0.04756803533278987,0.1831052700739743,0.9845688940947227,0.1473413795923238,0.010099137728346854,0.09387554558067303,0.016200000000000003
0.8150000000000001,0.29285509197412884,0.048360950528022986,0.18573857350103923,0.9844203858082833,0.14745182112924987,0.010289650776558025,0.09522913176982681,0.016300000000000002
0.8200000000000001,0.29296601314203374,0.049157912402520876,0.1883842830541794,0.9842703342108302,0.14755554744498567,0.01048171345656062,0.0965888362789704,0.0164
0.8250000000000001,0.29306159803226334,0.04995879321420009,0.19104211552723158,0.9841187076944395,0.14765271025829244,0.01067529685742606,0.0979545014596714,0.0165
0.8300000000000001,0.293142145301516,0.050763464546644585,0.19371178477061726,0.9839654751271298,0.14774346286552514,0.010870371260713295,0.09932596824093382,0.0166
0.835,0.2932079576827016,0.05157179730910568,0.1963930016913424,0.9838106058835582,0.14782796012915855,0.01106690610906009,0.1007030761409568,0.0167
0.84,0.29325934198494186,0.052383661736502135,0.19908547425299783,0.9836540698754805,0.14790635846621533,0.01126486997497924,0.10208566327900107,0.0168
0.845,0.2932966090935703,0.05319892738942004,0.2017889074757587,0.9834958375819578,0.1479788158365988,0.011464230529878624,0.10347356638735686,0.0169
0.85,0.293320073970132,0.05401746315411287,0.20450300343638494,0.9833358800792886,0.14804549173133397,0.011664954513324286,0.10486662082340997,0.017
0.855,0.29333005565238374,0.05483913724250153,0.207227461268221,0.9831741690706444,0.14810654716072041,0.011867007702565567,0.1062646605817982,0.0171
0.86,0.29332687725429424,0.055663817192174274,0.20996197716119597,0.9830106769153959,0.14816214464240182,0.01207035488234136,0.10766751830665384,0.0172
0.865,0.2933108643584101,0.05649137155702182,0.21270624582188133,0.9828453766610183,0.14821244749355464,0.012274960626020931,0.10907502613183587,0.0173
0.87,0.2932823464407676,0.057321668720300874,0.21545995922721703,0.982678242053479,0.14825762045740132,0.012480788700881321,0.11048701500356095,0.0174
0.875,0.2932416580217562,0.058154575528587694,0.21822280555369938,0.9825092475688884,0.14829783018084902,0.012687801382672923,0.11190331407667434,0.0175
0.88,0.2931891367291804,0.05898995916182012,0.22099447091030205,0.9823383684488456,0.14833324435644044,0.012895960324373908,0.11332375169956452,0.0176
0.885,0.2931251232977295,0.0598276871338306,0.22377463933895356,0.9821655807232931,0.14836403171405463,0.013105226530977888,0.11474815542569419,0.0177
0.89,0.29304996156897783,0.06066762729234621,0.22656299281453743,0.9819908612328739,0.14839036201283629,0.013315560334464752,0.11617635202482919,0.0178
0.895,0.2929639984913846,0.06150964781898869,0.22935921124489225,0.9818141876507887,0.14841240603312653,0.013526921369223233,0.11760816749423056,0.0179
0.9,0.2928675841202939,0.06235361722927439,0.2321629724708115,0.9816355385041315,0.14843033556839996,0.013739268547938513,0.11904342706980289,0.018000000000000002
0.905,0.29276107161793463,0.0631994043726143,0.23497395226604373,0.9814548931946979,0.14844432341721195,0.013952560037958004,0.12048195523719407,0.0181
0.91,0.2926448172534208,0.06404687843231403,0.23779182433729243,0.9812722320192506,0.14845454337516062,0.014166753238148463,0.12192357574283966,0.0182
0.915,0.29251918040275104,0.06489590892557384,0.24061626032421607,0.9810875361892285,0.14846117022686983,0.014381804756257603,0.12336811160494547,0.0183
0.92,0.29238452354880906,0.06574636570348863,0.24344692979942817,0.9809007878498913,0.14846437973799703,0.014597670386793039,0.12481538512440216,0.0184
0.925,0.29224121228136335,0.06659811895104792,0.24628350026849713,0.9807119700988812,0.1484643486472727,0.014814305089431934,0.12626521789562403,0.018500000000000003
0.93,0.29208961529706745,0.06745103918713584,0.24912563716994646,0.9805210670041951,0.14846125465857665,0.015031662967973876,0.1277174308173054,0.018600000000000002
0.935,0.2919301043990845,0.06830499726478301,0.25197300387557237,0.980328063621552,0.14845527643289147,0.015249697249974624,0.12917184410325758,0.0187
0.9400000000000001,0.2917630524173282,0.06915986584286982,0.25482526345661627,0.9801329460116015,0.14844659266369906,0.015468360993744778,0.13062827824527093,0.0188
0.9450000000000001,0.2915888347026769,0.07001551859397045,0.25768207743052957,0.9799357012401713,0.148435382750107,0.015687606681706916,0.13208655336317596,0.0189
0.9500000000000001,0.29140783043354695,0.07087182909154979,0.26054310464106345,0.979736317398427,0.14842182735455045,0.01590738565353834,0.13354648859844406,0.019000000000000003
0.9550000000000001,0.29122042068705967,0.07172867203142565,0.26340800288804395,0.9795347836205657,0.14840610753766612,0.016127648693920447,0.13500790299288315,0.019100000000000002
0.96,0.2910269884390411,0.07258592323176859,0.26627642892737174,0.9793310900929694,0.1483884047546029,0.01634834601914862,0.1364706154970314,0.0192
0.965,0.2908279185640223,0.07344345963310213,0.2691480384710227,0.9791252280626688,0.14836890085144677,0.016569427264381115,0.1379344449783693,0.0193
0.97,0.29062359783523883,0.07430115929830258,0.2720224861870471,0.9789171898451118,0.14834777806176355,0.01679084147153193,0.1393992102293444,0.0194
0.975,0.2904144149246314,0.0751589014125991,0.2748994256995702,0.978706968831234,0.14832521900326567,0.017012537077813035,0.14086472997520405,0.0195
0.98,0.29020076040284537,0.0760165662835737,0.2777785095887921,0.9784945594938271,0.14830140667460665,0.017234461904931078,0.14233082288162985,0.0196
0.985,0.28998302673923104,0.07687403534116126,0.28065938939098745,0.9782799573932003,0.14827652445230974,0.01745656314894364,0.1437973075621684,0.0197
0.99,0.2897616083018435,0.07773119113764948,0.283541715598506,0.9780631591821346,0.14825075608783475,0.0176787873707801,0.1452640025854535,0.0198
0.995,0.28953690135744264,0.07858791734767895,0.2864251376597722,0.9778441626101214,0.14822428570478943,0.017901080487432042,0.14673072648221264,0.0199
1.0,0.28930930407149325,0.07944409876824307,0.28930930397928517,0.977622966526886,0.14819729779629012,0.018123387763818385,0.14819729775205334,0.02
