cross_comp_2,zeeman,score,target_residual,braid_res,ybe_res,best_axis
-0.02,-0.02,2.6077123325293887,1.355585761646493,0.9766941288704452,0.2754324420124504,z
-0.02,-0.018333333333333333,2.5383922759326896,1.349982274403669,0.9441798246853571,0.2442301768436635,y
-0.02,-0.016666666666666666,2.471939813987557,1.344718511380519,0.9119601084627826,0.21526119414425518,y
-0.02,-0.015,2.4086864212608012,1.3398013656621082,0.8802363844251881,0.1886486711735051,y
-0.02,-0.013333333333333332,2.3490044934263383,1.3352374882665505,0.8492325266859045,0.16453447847388344,y
-0.02,-0.011666666666666667,2.2933109421430338,1.331033265461321,0.8191965759292541,0.1430811007524583,y
-0.02,-0.01,2.2420640539024004,1.3271947962482058,0.7904018182114688,0.12446743944272605,y
-0.02,-0.008333333333333333,2.1957448586925437,1.3237278701923119,0.7631467735110898,0.10887021498914212,y
-0.02,-0.006666666666666666,2.1548109574320367,1.3206379457761201,0.737753470001496,0.09641954165442031,y
-0.02,-0.004999999999999999,2.119616736229809,1.3179301294633592,0.7145632543789451,0.08712335238750453,y
-0.02,-0.003333333333333334,2.090320594343148,1.3156091556578136,0.6939293563320342,0.08078208235330041,y
-0.02,-0.001666666666666667,2.06683623947829,1.3136793677407206,0.6762055831942595,0.07695128854330993,y
-0.02,0.0,2.0488791093926557,1.312144700364717,0.6617309721788227,0.07500343684911609,y
-0.02,0.001666666666666667,2.036087896162265,1.3110086631748945,0.6508110246247271,0.07426820836264345,y
-0.02,0.003333333333333334,2.0281447521298848,1.310274326116122,0.6436972059848808,0.074173220028882,y
-0.02,0.005000000000000001,2.0248426829060455,1.3099443064719838,0.6405674328144944,0.07433094361956757,y
-0.02,0.006666666666666668,2.0261049953425165,1.3100207577642158,0.641510836621865,0.07457340095643572,y
-0.02,0.008333333333333335,2.0319852774504015,1.3105053606223853,0.6465197789194761,0.07496013790853998,y
-0.02,0.010000000000000002,2.042665429194462,1.3113993157122799,0.6554907909996227,0.07577532248255964,y
-0.02,0.011666666666666669,2.0584460650482246,1.312703338788958,0.6682341995501783,0.07750852670908834,y
-0.02,0.013333333333333332,2.079704919695356,1.3144176579159517,0.6844903815783728,0.08079688020103155,y
-0.02,0.015000000000000003,2.106803297663027,1.316542012867397,0.7039495210212392,0.08631176377439083,y
-0.02,0.016666666666666666,2.139961950492456,1.319075656704812,0.726271667077885,0.0946146267097588,y
-0.02,0.018333333333333337,2.1791739903860328,1.3220173594950961,0.751104616373693,0.10605201451724386,y
-0.02,0.02,2.2242068455238386,1.325365414112598,0.7780982109598246,0.12074322045141607,y
-0.018333333333333333,-0.02,2.5619241240498436,1.3394578592389572,0.9498974843798925,0.2725687804309939,z
-0.018333333333333333,-0.018333333333333333,2.490832195232144,1.3337704570981677,0.9159887237130511,0.24107301442092524,z
-0.018333333333333333,-0.016666666666666666,2.422579864391049,1.3284326142716198,0.8823289490739086,0.2118183010455209,y
-0.018333333333333333,-0.015,2.3575033948603448,1.323451537224765,0.8491270883706316,0.1849247692649483,y
-0.018333333333333333,-0.013333333333333332,2.2959839159297144,1.3188341733139712,0.8166179032861004,0.16053183932964288,y
-0.018333333333333333,-0.011666666666666667,2.2384534875584126,1.3145871860308176,0.7850646524734063,0.13880164905418865,y
-0.018333333333333333,-0.01,2.185395592887681,1.3107169304491466,0.7547612467901409,0.11991741564839352,y
-0.018333333333333333,-0.008333333333333333,2.1373308813604353,1.3072294290749131,0.7260333192038941,0.10406813308162771,y
-0.018333333333333333,-0.006666666666666666,2.094773695111906,1.304130348305193,0.6992373861144534,0.09140596069225952,y
-0.018333333333333333,-0.004999999999999999,2.0581480953259965,1.3014249757066867,0.6747570311932848,0.08196608842602528,y
-0.018333333333333333,-0.003333333333333334,2.0276801891319445,1.2991181983242226,0.6529948928006943,0.07556709800702775,y
-0.018333333333333333,-0.001666666666666667,2.0033312631958666,1.2972144822274096,0.6343593417755784,0.07175743919287841,y
-0.018333333333333333,0.0,1.9848396905915018,1.2957178534966745,0.6192452991388342,0.06987653795599313,y
-0.018333333333333333,0.001666666666666667,1.9718551177381665,1.294631880840461,0.6080098112028209,0.0692134256948845,y
-0.018333333333333333,0.003333333333333334,1.9640724794476656,1.2939596600216166,0.6009446968609614,0.06916812256508761,y
-0.018333333333333333,0.005000000000000001,1.9613027630199875,1.2937038002542973,0.5982503433212075,0.06934861944448258,y
-0.018333333333333333,0.006666666666666668,1.96348913180123,1.2938664127127057,0.6000157280833437,0.06960699100518049,y
-0.018333333333333333,0.008333333333333335,1.970704495394358,1.2944491012702952,0.606209188280395,0.07004620584366772,y
-0.018333333333333333,0.010000000000000002,1.9831494736287456,1.295452955562682,0.6166821747695598,0.07101434329650413,y
-0.018333333333333333,0.011666666666666669,2.0011388121446725,1.2968785464409114,0.6311850045289938,0.0730752611747674,y
-0.018333333333333333,0.013333333333333332,2.025043618645738,1.2987259238529179,0.6493908320340079,0.07692686275881214,y
-0.018333333333333333,0.015000000000000003,2.0551732871474853,1.3009946171622455,0.6709227937893972,0.08325587619584247,y
-0.018333333333333333,0.016666666666666666,2.0916423958157897,1.3036836378839014,0.6953797363958737,0.09257902153601459,y
-0.018333333333333333,0.018333333333333337,2.134308730750935,1.3067914847885451,0.7223574966747947,0.10515974928759549,y
-0.018333333333333333,0.02,2.1828164476701786,1.3103161512987753,0.7514644885313178,0.12103580784008543,y
-0.016666666666666666,-0.02,2.5170992676609187,1.3232519454122276,0.9241104304463024,0.2697368918023887,z
-0.016666666666666666,-0.018333333333333333,2.4442300945316426,1.3174790426907257,0.8887903629935755,0.23796068884734148,z
-0.016666666666666666,-0.016666666666666666,2.3741623369345026,1.3120657873069639,0.8536636654426022,0.20843288418493636,z
-0.016666666666666666,-0.015,2.3072348744099047,1.3070197147581997,0.8189452739676313,0.1812698856840742,y
-0.016666666666666666,-0.013333333333333332,2.2438351522134576,1.3023480833792203,0.78487946858972,0.15660760024451734,y
-0.016666666666666666,-0.011666666666666667,2.1844078838252026,1.2980578473263682,0.7517437526606155,0.13460628383821904,y
-0.016666666666666666,-0.01,2.1294596747603936,1.2941556298018684,0.7198524531691932,0.11545159178933183,y
-0.016666666666666666,-0.008333333333333333,2.0795503192068803,1.290647696746645,0.6895593710515812,0.09934325140865405,y
-0.016666666666666666,-0.006666666666666666,2.0352541152281174,1.2875399312366635,0.6612584338818366,0.08645575010961716,y
-0.016666666666666666,-0.004999999999999999,1.9970737965273093,1.2848378088223964,0.6353808672090282,0.07685512049588475,y
-0.016666666666666666,-0.003333333333333334,1.9653173413263145,1.2825463740505045,0.6123870279915309,0.07038393928427922,y
-0.016666666666666666,-0.001666666666666667,1.9400084241731397,1.2806702184038954,0.5927509859122351,0.06658721985700926,y
-0.016666666666666666,0.0,1.9209199225898574,1.2792134598872975,0.5769365721075033,0.06476989059505675,y
-0.016666666666666666,0.001666666666666667,1.9077213607999146,1.2781797244742514,0.5653653006114081,0.06417633571425506,y
-0.016666666666666666,0.003333333333333334,1.9001282138279942,1.2775721296142768,0.5583793143357039,0.06417676987801353,y
-0.016666666666666666,0.005000000000000001,1.897974984226453,1.2773932699791049,0.5562055653567435,0.06437614889060463,y
-0.016666666666666666,0.006666666666666668,1.9012261861932076,1.2776452056027512,0.5589292555934252,0.06465172499703116,y
-0.016666666666666666,0.008333333333333335,1.9099713400382539,1.278329452543084,0.5664835531177055,0.06515833437746453,y
-0.016666666666666666,0.010000000000000002,1.9244236475706409,1.2794469761625542,0.5786584806712204,0.06631819073686633,y
-0.016666666666666666,0.011666666666666669,1.9449007257677422,1.280998187094121,0.5951263494415724,0.06877618923204888,y
-0.016666666666666666,0.013333333333333332,1.9717452617584095,1.2829829399250108,0.6154768852775585,0.07328543655584016,y
-0.016666666666666666,0.015000000000000003,2.005181054794538,1.2854005345969726,0.6392540360921317,0.0805264841054338,y
-0.016666666666666666,0.016666666666666666,2.045183198201336,1.2882497204883114,0.6659881538543091,0.09094532385871543,y
-0.016666666666666666,0.018333333333333337,2.0914579731564085,1.2915287031098543,0.6952202605226044,0.10470900952394965,y
-0.016666666666666666,0.02,2.1435301393489516,1.295235153315898,0.7265178685496503,0.1217771174834039,y
-0.015,-0.02,2.473354275448855,1.3069687982294145,0.899445089277753,0.26694038794168734,z
-0.015,-0.018333333333333333,2.3987127405885307,1.3011087478687062,0.8627060806901437,0.2348979120296807,z
-0.015,-0.016666666666666666,2.3268241958452287,1.295618694741676,0.82609448630915,0.20511101479440302,z
-0.015,-0.015,2.258027538738044,1.2905065200554804,0.7898292579206416,0.17769176076192209,z
-0.015,-0.013333333333333332,2.1927135039429873,1.2857798087237924,0.754162201771015,0.15277149344817978,y
-0.015,-0.011666666666666667,2.1313361098123997,1.2814458198830159,0.7193833333056613,0.13050695662372266,y
-0.015,-0.01,2.074421849392125,1.2775114576902793,0.6858263464902701,0.11108404521157562,y
-0.015,-0.008333333333333333,2.0225677563769975,1.273983242663154,0.6538734753681775,0.09471103834566608,y
-0.015,-0.006666666666666666,1.9764100151693527,1.2708672838290083,0.6239584803698572,0.08158425097048724,y
-0.015,-0.004999999999999999,1.9365389614208142,1.2681692519565804,0.5965657714876396,0.0718039379765943,y
-0.015,-0.003333333333333334,1.9033608177565753,1.2658943541417729,0.5722229159744142,0.06524354764038807,y
-0.015,-0.001666666666666667,1.876980406926395,1.2640473100150345,0.5514833370194752,0.06144975989188539,y
-0.015,0.0,1.8572207369398421,1.2626323298272377,0.5348965638488211,0.05969184326378337,y
-0.015,0.001666666666666667,1.8437837227116667,1.2616530946564812,0.5229657518390184,0.059164876216167124,y
-0.015,0.003333333333333334,1.8364160816117352,1.261112738958085,0.5160966658725081,0.05920667678114221,y
-0.015,0.005000000000000001,1.8349826441482735,1.2610138356555523,0.5145477514184499,0.0594210570742714,y
-0.015,0.006666666666666668,1.8394695476479075,1.2613583839418523,0.5183943145767489,0.059716849129306214,y
-0.015,0.008333333333333335,1.8499768618156929,1.2621477999277537,0.52751793446269,0.060311127425249134,y
-0.015,0.010000000000000002,1.8667194754229208,1.26338291023864,0.5416245852695446,0.06171197991473623,y
-0.015,0.011666666666666669,1.8899997467757592,1.2650639486238482,0.5602853465319797,0.06465045161993134,y
-0.015,0.013333333333333332,1.9201003967037733,1.267190555603538,0.5829874175498532,0.0699224235503821,y
-0.015,0.015000000000000003,1.957117880364591,1.2697617811386048,0.6091830365604762,0.07817306266551001,y
-0.015,0.016666666666666666,2.000855645269225,1.2727760902705891,0.6383282502741312,0.08975130472450492,y
-0.015,0.018333333333333337,2.0508615621387345,1.276231371640646,0.6699088280976815,0.10472136240040698,y
-0.015,0.02,2.1065540259249564,1.2801249487616002,0.7034544772997107,0.12297459986364563,y
-0.013333333333333332,-0.02,2.4308138361793925,1.2906092213232874,0.8760216179059706,0.26418299695013425,z
-0.013333333333333332,-0.018333333333333333,2.3544174349056206,1.284660311266184,0.8378675575350504,0.2318895661043861,z
-0.013333333333333332,-0.016666666666666666,2.280715765718036,1.2790920195943236,0.7997647169120027,0.20185902921170984,z
-0.013333333333333332,-0.015,2.210044743042712,1.2739125910135631,0.7619335877834766,0.17419856424567257,z
-0.013333333333333332,-0.013333333333333332,2.1427947358631867,1.269129953656219,0.724630823710766,0.14903395849620182,z
-0.013333333333333332,-0.011666666666666667,2.0794247699944064,1.2647516869006854,0.6881563077889162,0.126516775304805,y
-0.013333333333333332,-0.01,2.0204766031397434,1.2607849895183738,0.6528609409426509,0.10683067267871875,y
-0.013333333333333332,-0.008333333333333333,1.9665807187599291,1.2572366484440596,0.619154466593556,0.09018960372231347,y
-0.013333333333333332,-0.006666666666666666,1.9184350827384093,1.2541130084750798,0.5875119097614583,0.0768101645018713,y
-0.013333333333333332,-0.004999999999999999,1.8767256676161492,1.251419943209647,0.558476095629844,0.06682962877665832,y
-0.013333333333333332,-0.003333333333333334,1.8419753219627002,1.2491628275333393,0.5326523055968224,0.06016018883253838,y
-0.013333333333333332,-0.001666666666666667,1.8143935763966947,1.2473465119569298,0.510689899161991,0.05635716527777384,y
-0.013333333333333332,0.0,1.7938746718039167,1.2459752990957667,0.49324580786768585,0.05465356484046419,y
-0.013333333333333332,0.001666666666666667,1.7801705494042406,1.2450529225631275,0.4809279045733756,0.05418972226773751,y
-0.013333333333333332,0.003333333333333334,1.7730740860282923,1.2445825285256444,0.4742235518892211,0.054268005613426824,y
-0.013333333333333332,0.005000000000000001,1.7724887572961394,1.244566660139604,0.4734285032935656,0.05449359386296974,y
-0.013333333333333332,0.006666666666666668,1.778420141003538,1.2450072450525496,0.47859788981960094,0.05481500613138769,y
-0.013333333333333332,0.008333333333333335,1.7909672863833808,1.2459055861164285,0.4895373228658487,0.05552437740110333,y
-0.013333333333333332,0.010000000000000002,1.8103286431118581,1.24726235541618,0.5058375101856207,0.05722877751005754,y
-0.013333333333333332,0.011666666666666669,1.836763326334243,1.2490775916740993,0.5269389398167648,0.06074679484337919,y
-0.013333333333333332,0.013333333333333332,1.8704504536804196,1.2513507010445002,0.5522049241939885,0.06689482844193084,y
-0.013333333333333332,0.015000000000000003,1.9113114093223775,1.2540804612675511,0.5809846212158098,0.07624632683901665,y
-0.013333333333333332,0.016666666666666666,1.9589529202989624,1.257265029106539,0.6126570956583963,0.089030795534027,y
-0.013333333333333332,0.018333333333333337,2.0127706343731977,1.260901950949852,0.6466561148400073,0.10521256858333865,y
-0.013333333333333332,0.02,2.072098692175708,1.2649881764192539,0.6824799815179534,0.12463053423850066,y
-0.011666666666666667,-0.02,2.389610280478118,1.2741740450244308,0.8539676745121836,0.2614685609415032,z
-0.011666666666666667,-0.018333333333333333,2.31149172114235,1.2681344943370931,0.8144165268763105,0.2289406999289464,z
-0.011666666666666667,-0.016666666666666666,2.236000848274556,1.262486464290908,0.774830858564917,0.1986835254187309,z
-0.011666666666666667,-0.015,2.1634672745415053,1.2572385820819416,0.7354297956314436,0.17079889682812005,z
-0.011666666666666667,-0.013333333333333332,2.0942767718707676,1.2523991368270915,0.6964714716041566,0.14540616343951945,z
-0.011666666666666667,-0.011666666666666667,2.028888106252567,1.2479760444344137,0.6582619794482674,0.12265008236988584,z
-0.011666666666666667,-0.01,1.9678521185282771,1.2439768128506157,0.6211658985957382,0.10270940708192328,y
-0.011666666666666667,-0.008333333333333333,1.9118266051630008,1.2404085080232952,0.5856179061390913,0.08580019100061459,y
-0.011666666666666667,-0.006666666666666666,1.861568238576356,1.2372777209258565,0.5521340656978628,0.07215645195263652,y
-0.011666666666666667,-0.004999999999999999,1.8178644788921716,1.2345905359984395,0.5213197897145031,0.061954153179229074,y
-0.011666666666666667,-0.003333333333333334,1.7813744631403325,1.2323525013561736,0.4938690902594353,0.055152871524723694,y
-0.011666666666666667,-0.001666666666666667,1.752441546259969,1.230568601108483,0.47054702669785553,0.051325918453630215,y
-0.011666666666666667,0.0,1.7310596056599648,1.2292432301172438,0.4521459624168375,0.04967041312588334,y
-0.011666666666666667,0.001666666666666667,1.7170555700779748,1.228380171499921,0.43940978261579544,0.0492656159622584,y
-0.011666666666666667,0.003333333333333334,1.7102894709375798,1.2279825771545005,0.4329320447756672,0.049374849007412056,y
-0.011666666666666667,0.005000000000000001,1.7107133697575925,1.2280529515478473,0.4330523672659957,0.04960805094374959,y
-0.011666666666666667,0.006666666666666668,1.7183454322817853,1.2285931389681317,0.43978844998342637,0.0499638433302272,y
-0.011666666666666667,0.008333333333333335,1.7332632242891368,1.2296043143965014,0.4528335793422335,0.05082533055040194,y
-0.011666666666666667,0.010000000000000002,1.7556199277038622,1.2310869781034093,0.4716205844663632,0.05291236513408976,y
-0.011666666666666667,0.011666666666666669,1.7855898931180219,1.2330409540236493,0.4954236410182023,0.057125298076170276,y
-0.011666666666666667,0.013333333333333332,1.8231917669887734,1.2354653919107221,0.5234604310631048,0.06426594401494637,y
-0.011666666666666667,0.015000000000000003,1.8681238672450695,1.2383587732185002,0.5549694176297525,0.07479567639681695,y
-0.011666666666666667,0.016666666666666666,1.919785912132756,1.2417189206066614,0.5892553284616652,0.0888116630644294,y
-0.011666666666666667,0.018333333333333337,1.9774430464371344,1.2455430109176453,0.6257081755302247,0.10619185998926442,y
-0.011666666666666667,0.02,2.040374803587388,1.2498275914283876,0.6638050536994595,0.126742158459541,y
-0.01,-0.02,2.349882600389166,1.2576641275867837,0.8334174400523752,0.25880103275000743,z
-0.01,-0.018333333333333333,2.270092560770627,1.2515320823045517,0.7925039548907381,0.2260565235753371,z
-0.01,-0.016666666666666666,2.1928562331289116,1.245802751365285,0.751462126051148,0.1955913557124787,z
-0.01,-0.015,2.118493465825819,1.2404851647506678,0.710506516608668,0.16750178446648334,z
-0.01,-0.013333333333333332,2.0473807935614476,1.2355879915497783,0.6698927883407221,0.1419000136709471,z
-0.01,-0.011666666666666667,1.979970603690029,1.2311195016007104,0.6299285857928243,0.11892251629649433,z
-0.01,-0.01,1.9168150584792014,1.2270875275639381,0.5909871046087964,0.09874042630646679,z
-0.01,-0.008333333333333333,1.8585904269950508,1.2234994278122318,0.5535232768129436,0.08156772236987567,y
-0.01,-0.006666666666666666,1.806105014355432,1.2203620505338084,0.5180915044262066,0.06765145939541689,y
-0.01,-0.004999999999999999,1.760249597542601,1.2176816994509785,0.48536178167838545,0.057206116413237,y
-0.01,-0.003333333333333334,1.7218389306229935,1.2154641015539005,0.45612733984479603,0.05024748922429699,y
-0.01,-0.001666666666666667,1.6913851761723662,1.213714377239099,0.4312917083778652,0.04637909055540203,y
-0.01,0.0,1.6690197261001913,1.2124370132231617,0.41181858299268326,0.044764129884346394,y
-0.01,0.001666666666666667,1.654679872150878,1.2116358385755677,0.39863053280393734,0.044413500771372745,y
-0.01,0.003333333333333334,1.648322559955135,1.2113140041793016,0.39246126781720125,0.04454728795863208,y
-0.01,0.005000000000000001,1.6499597573232114,1.2114739658857894,0.3937009183791375,0.044784873058284456,y
-0.01,0.006666666666666668,1.6596067750907348,1.2121174715818308,0.4023007482840187,0.04518855522488541,y
-0.01,0.008333333333333335,1.677285247028253,1.213245552332221,0.4177876128178189,0.04625208187821331,y
-0.01,0.010000000000000002,1.7030590831252777,1.2148585177031386,0.43937976408648777,0.04882080133565135,y
-0.01,0.011666666666666669,1.7369590937860317,1.2169559553110672,0.46614455105035424,0.053858587424610575,y
-0.01,0.013333333333333332,1.7787756564338466,1.2195367345799637,0.4971358338454168,0.062103088008465986,y
-0.01,0.015000000000000003,1.827946346923188,1.2225990146282102,0.5314813495400267,0.07386598275495111,y
-0.01,0.016666666666666666,1.883676150328655,1.2261402561482562,0.5684218711830811,0.08911402299731784,y
-0.01,0.018333333333333337,1.945136707437562,1.2301572370864908,0.6073178258419579,0.10766164450911339,y
-0.01,0.02,2.0115871443203908,1.2346460718808394,0.6476390173115386,0.12930205512801293,y
-0.008333333333333333,-0.02,2.3117749293689243,1.2410803565207311,0.814510101349393,0.2561844714988003,z
-0.008333333333333333,-0.018333333333333333,2.2303848264906114,1.2348538851943622,0.7722885407535368,0.22324240054271208,z
-0.008333333333333333,-0.016666666666666666,2.1514703729429683,1.2290416242221849,0.7298391339108757,0.19258961480990758,z
-0.008333333333333333,-0.015,2.075338332305006,1.2236530280820241,0.6873686405116134,0.16431666371136847,z
-0.008333333333333333,-0.013333333333333332,2.002351283481995,1.2186971661496278,0.6451259733982115,0.1385281439341557,z
-0.008333333333333333,-0.011666666666666667,1.932948608286346,1.2141826808021317,0.603414882225373,0.11535104525884132,z
-0.008333333333333333,-0.01,1.8676747164979761,1.2101177460129977,0.5626106386349499,0.09494633185002861,z
-0.008333333333333333,-0.008333333333333333,1.8072127659042212,1.2065100268771078,0.5231813721358846,0.07752136689122886,z
-0.008333333333333333,-0.006666666666666666,1.7524107514301825,1.2033666405182983,0.48571383012679853,0.06333028078508568,y
-0.008333333333333333,-0.004999999999999999,1.7042582701383355,1.2006941188376803,0.4509409360875173,0.05262321521313813,y
-0.008333333333333333,-0.003333333333333334,1.6637417516992465,1.198498373557267,0.4197632896848291,0.04548008845715048,y
-0.008333333333333333,-0.001666666666666667,1.6315821762167608,1.1967846640009545,0.39324759768360074,0.04154991453220548,y
-0.008333333333333333,0.0,1.6080979625602072,1.195557568031415,0.3725739415888579,0.03996645293993429,y
-0.008333333333333333,0.001666666666666667,1.5933866372292267,1.194820956529262,0.3589016421895217,0.03966403851044302,y
-0.008333333333333333,0.003333333333333334,1.5875442683542589,1.1945779717586846,0.35315151279123225,0.03981478380434189,y
-0.008333333333333333,0.005000000000000001,1.5906542108239996,1.1948310099129589,0.3557690676348807,0.04005413327616009,y
-0.008333333333333333,0.006666666666666668,1.6026981573439367,1.1955817080753741,0.36659046547244334,0.0405259837961193,y
-0.008333333333333333,0.008333333333333335,1.6235863636851335,1.1968309357669298,0.38489679046854713,0.04185863744965656,y
-0.008333333333333333,0.010000000000000002,1.6532295098887069,1.1985787911832693,0.4096200848473918,0.045030633858045774,y
-0.008333333333333333,0.011666666666666669,1.6914370730884623,1.2008246021525693,0.43958082530092496,0.051031645634967926,y
-0.008333333333333333,0.013333333333333332,1.7377016522745605,1.2035669317739057,0.4736611039166436,0.060473616584011146,y
-0.008333333333333333,0.015000000000000003,1.791187776018278,1.2068035886252348,0.5108901049547054,0.07349408243833767,y
-0.008333333333333333,0.016666666666666666,1.8509452189869493,1.21053164136294,0.5504645994306131,0.0899489781933963,y
-0.008333333333333333,0.018333333333333337,1.9161005220097147,1.2147474374723624,0.5917354141690843,0.10961767036826803,y
-0.008333333333333333,0.02,1.9859270664121567,1.2194466258731933,0.6341816999588721,0.13229874058009133,y
-0.006666666666666666,-0.02,2.275434403362344,1.2244236500451318,0.7973877164117907,0.2536230369054215,z
-0.006666666666666666,-0.018333333333333333,2.1925389691149872,1.2181007389618048,0.7539343927547997,0.22050383739838275,z
-0.006666666666666666,-0.016666666666666666,2.112040978366879,1.21220384796964,0.710151507744978,0.1896856226522609,z
-0.006666666666666666,-0.015,2.034231341464324,1.2067428792908206,0.6662351060697771,0.16125335610372643,z
-0.006666666666666666,-0.013333333333333332,1.959454416979163,1.201727324345057,0.6224232043841189,0.13530388824998707,z
-0.006666666666666666,-0.011666666666666667,1.8881301052788781,1.1971662179719793,0.5790099280512983,0.11195395925560069,z
-0.006666666666666666,-0.01,1.8207854159823116,1.1930680932100752,0.5363650590461148,0.09135226372612153,z
-0.006666666666666666,-0.008333333333333333,1.7580966738529111,1.1894409371324757,0.4949606666816254,0.0736950700388099,z
-0.006666666666666666,-0.006666666666666666,1.7009345581336026,1.1862921482556263,0.45540609174960933,0.05923631812836703,z
-0.006666666666666666,-0.004999999999999999,1.6503743830893902,1.18362849604318,0.41849035273423546,0.048255534311974775,y
-0.006666666666666666,-0.003333333333333334,1.6075825183474854,1.1814560830225138,0.3852245747853962,0.040901860539575445,y
-0.006666666666666666,-0.001666666666666667,1.5735306229952628,1.1797803100153594,0.3568626617296749,0.0368876512502285,y
-0.006666666666666666,0.0,1.548786364771035,1.1786058449557408,0.3348553300839802,0.03532518973131381,y
-0.006666666666666666,0.001666666666666667,1.5336765311847274,1.177936595729359,0.3206763983241502,0.035063537131218,y
-0.006666666666666666,0.003333333333333334,1.5284953728327115,1.177775687417733,0.3154977821579484,0.035221903257030174,y
-0.006666666666666666,0.005000000000000001,1.5334057229076683,1.1781254442699485,0.31981889107341877,0.035461387564301165,y
-0.006666666666666666,0.006666666666666668,1.5482987970803865,1.1789873766557952,0.3332801090125105,0.03603131141208104,y
-0.006666666666666666,0.008333333333333335,1.5728892472562002,1.1803621731781417,0.3548048253477076,0.03772224873035071,y
-0.006666666666666666,0.010000000000000002,1.6068479074403839,1.1822496980413797,0.3829572504945534,0.04164095890445059,y
-0.006666666666666666,0.011666666666666669,1.6496706187218866,1.1846489936898197,0.4162827310251676,0.0487388940068993,y
-0.006666666666666666,0.013333333333333332,1.7005005106200082,1.1875582886463136,0.45350298238401465,0.05943923958967991,y
-0.006666666666666666,0.015000000000000003,1.7582573921385887,1.190975010400185,0.49357681903239914,0.07370556270600444,y
-0.006666666666666666,0.016666666666666666,1.8219002856251296,1.1948958031168981,0.5356863837451897,0.09131809876304181,y
-0.006666666666666666,0.018333333333333337,1.890562983116892,1.199316549871787,0.5791968210697674,0.11204961217533738,y
-0.006666666666666666,0.02,1.9635636333434052,1.2042323990483108,0.623613848487527,0.13571738580756756,y
-0.004999999999999999,-0.02,2.2410083567167653,1.2076949586710606,0.7821924158462434,0.2511209821994612,z
-0.004999999999999999,-0.018333333333333333,2.1567277468999695,1.2012735067219156,0.737607769622934,0.21784647055512008,z
-0.004999999999999999,-0.016666666666666666,2.074771309805842,1.1952902103286533,0.6925941983142765,0.18688690116291226,z
-0.004999999999999999,-0.015,1.9954124061525764,1.1897554443787266,0.6473349321743752,0.15832202959947442,z
-0.004999999999999999,-0.013333333333333332,1.9189741045283877,1.1846791456640833,0.6020537369382112,0.132241221926093,z
-0.004999999999999999,-0.011666666666666667,1.8458515326071125,1.1800707628417195,0.5570299659991342,0.10875080376625879,z
-0.004999999999999999,-0.01,1.7765454621135663,1.175939207021567,0.5126203502082494,0.08798590488374988,z
-0.004999999999999999,-0.008333333333333333,1.711711188372938,1.1722928035526854,0.46929045010051934,0.07012793471973328,z
-0.004999999999999999,-0.006666666666666666,1.6522213346125372,1.1691392455965863,0.4276592109545795,0.05542287806137118,z
-0.004999999999999999,-0.004999999999999999,1.5992142360551167,1.166485550083577,0.3885589367048394,0.04416974926670043,z
-0.004999999999999999,-0.003333333333333334,1.5540311142926144,1.1643380166411506,0.3531064767155598,0.03658662093590412,y
-0.004999999999999999,-0.001666666666666667,1.5179309803521197,1.1627021900639096,0.3227615506483938,0.03246723963981626,y
-0.004999999999999999,0.0,1.4918031981840103,1.1615828268600732,0.29930584587886416,0.03091452544507295,y
-0.004999999999999999,0.001666666666666667,1.4762951900521122,1.1609838663622902,0.2846272692069391,0.03068405448288278,y
-0.004999999999999999,0.003333333333333334,1.4719784587681362,1.1609084068296671,0.2802319393054244,0.030838112633044517,y
-0.004999999999999999,0.005000000000000001,1.4790914855228228,1.1613586868954522,0.28665513824970756,0.031077660377663043,y
-0.004999999999999999,0.006666666666666668,1.4973375437143024,1.1623360726328966,0.3032125580176516,0.031788913063754136,y
-0.004999999999999999,0.008333333333333335,1.5261192482175243,1.16384105042169,0.32832499225462836,0.03395320554120599,y
-0.004999999999999999,0.010000000000000002,1.5647630441253646,1.1658732257023332,0.36011465602193693,0.038775162401094326,y
-0.004999999999999999,0.011666666666666669,1.6123618943224591,1.1684313276087657,0.39685342991269223,0.04707713680100121,y
-0.004999999999999999,0.013333333333333332,1.6677042536967939,1.1715132193724895,0.4371416915004453,0.05904934282385904,y
-0.004999999999999999,0.015000000000000003,1.7295403530419882,1.1751159142983219,0.47991193198438953,0.07451250675927656,y
-0.004999999999999999,0.016666666666666666,1.7968160591085705,1.1792355970247177,0.52436673722328,0.09321372486057271,y
-0.004999999999999999,0.018333333333333337,1.8687190195766685,1.1838676497028304,0.569909388333278,0.11494198154056018,y
-0.004999999999999999,0.02,1.9446341337226847,1.1890066826606265,0.6160868566367119,0.13954059442534633,y
-0.003333333333333334,-0.02,2.2086408618972233,1.1908952669314996,0.7690629494354485,0.2486826455302749,z
-0.003333333333333334,-0.018333333333333333,2.1231219759414506,1.1843730800947467,0.7234728459446118,0.21527604990209218,z
-0.003333333333333334,-0.016666666666666666,2.0398650216883722,1.1783015226287066,0.6773623548270267,0.184201144232639,z
-0.003333333333333334,-0.015,1.9591257617158804,1.1726914688289678,0.6309011479020606,0.15553314498485188,z
-0.003333333333333334,-0.013333333333333332,1.881204991331174,1.1675533259006285,0.5842969959092843,0.12935466952126098,z
-0.003333333333333334,-0.011666666666666667,1.8064703322756968,1.162896979233742,0.5378111173802897,0.1057622356616649,z
-0.003333333333333334,-0.01,1.735390379070219,1.1587317383830276,0.49178132620136256,0.08487731448582879,z
-0.003333333333333334,-0.008333333333333333,1.6685877788173082,1.155066284403527,0.44665721584875073,0.06686427856503033,z
-0.003333333333333334,-0.006666666666666666,1.6069164903040247,1.1519086192149466,0.4030534522214425,0.0519544188676357,z
-0.003333333333333334,-0.004999999999999999,1.5515481652329137,1.149266017674449,0.36182829453841464,0.04045385302005029,z
-0.003333333333333334,-0.003333333333333334,1.5039764223294332,1.1471449830293574,0.3241901233527319,0.03264131594734406,z
-0.003333333333333334,-0.001666666666666667,1.465767396158071,1.1455512063966276,0.291811535627529,0.028404654133914447,y
-0.003333333333333334,0.0,1.4382042020392658,1.1444895308742968,0.2668625450886699,0.026852126076299054,y
-0.003333333333333334,0.001666666666666667,1.422364327574637,1.1439639208331005,0.2517601109738008,0.02664029576773566,y
-0.003333333333333334,0.003333333333333334,1.419190778380715,1.143977436863205,0.2484390422996124,0.026774299217897708,y
-0.003333333333333334,0.005000000000000001,1.4289646746469893,1.1445322167647962,0.2574162558472623,0.02701620203493074,y
-0.003333333333333334,0.006666666666666668,1.451052699644169,1.145629462873427,0.27749418164300205,0.027929055127740052,y
-0.003333333333333334,0.008333333333333335,1.4844106723740422,1.1472694359048876,0.30643597077640783,0.030705265692746658,y
-0.003333333333333334,0.010000000000000002,1.52791859678386,1.1494514553922812,0.3418909934546066,0.036576147936972156,y
-0.003333333333333334,0.011666666666666669,1.5802160838229953,1.1521739066749344,0.381908303705006,0.04613387344305506,y
-0.003333333333333334,0.013333333333333332,1.6398028578635764,1.1554342542861633,0.42503383118067156,0.05933477239674155,y
-0.003333333333333334,0.015000000000000003,1.7053677328011418,1.1592290614803504,0.47022595255862243,0.07591271876216905,y
-0.003333333333333334,0.016666666666666666,1.7759145980354047,1.1635540155406725,0.516740569991604,0.09562001250312845,y
-0.003333333333333334,0.018333333333333337,1.85071641147836,1.1684039584211208,0.5640372216718366,0.11827523138540279,y
-0.003333333333333334,0.02,1.9292350210223077,1.1737729222020628,0.6117129283419545,0.14374917047829056,y
-0.001666666666666667,-0.02,2.1784686992826123,1.1740255952731395,0.7581306642612166,0.24631243974825617,z
-0.001666666666666667,-0.018333333333333333,2.091885371083577,1.1674003806784512,0.7116865713775551,0.21279841902757105,z
-0.001666666666666667,-0.016666666666666666,2.0075195672473747,1.1612386208990173,0.6646447660802814,0.18163618026807615,z
-0.001666666666666667,-0.015,1.9256115803377,1.155551718368337,0.6171624765766441,0.15289738539271883,z
-0.001666666666666667,-0.013333333333333332,1.8464419276707769,1.1503505776151248,0.5694321772253017,0.1266591728303503,z
-0.001666666666666667,-0.011666666666666667,1.7703520610423447,1.145645545382595,0.5216967344298757,0.10300978122987389,z
-0.001666666666666667,-0.01,1.6977779240805864,1.1414463515350728,0.47427305393786384,0.08205851860764968,z
-0.001666666666666667,-0.008333333333333333,1.629304808170662,1.1377620514966564,0.42758963761383467,0.06395311906017094,z
-0.001666666666666667,-0.006666666666666666,1.5657544719153063,1.134600970990535,0.38224679752120383,0.048906703403567446,z
-0.001666666666666667,-0.004999999999999999,1.5083039304014683,1.1319706538557375,0.3391123723453766,0.03722090420035424,z
-0.001666666666666667,-0.003333333333333334,1.4585624024439223,1.1298778137066277,0.29946627916458274,0.02921830957271179,z
-0.001666666666666667,-0.001666666666666667,1.418392277093911,1.1283282901707994,0.26518553878499945,0.02487844813811214,z
-0.001666666666666667,0.0,1.389517414524089,1.1273270103902409,0.23886582572507664,0.023324578408771383,y
-0.001666666666666667,0.001666666666666667,1.373547945895953,1.126877956401831,0.22355482241279417,0.02311516708132794,y
-0.001666666666666667,0.003333333333333334,1.3718785140285714,1.1269841389254998,0.2216860931331933,0.02320828196987837,y
-0.001666666666666667,0.005000000000000001,1.3847451497689116,1.1276475779852977,0.23363946077283948,0.02345811101077456,y
-0.001666666666666667,0.006666666666666668,1.4109984951868737,1.128869290672423,0.2574798079196752,0.024649396594775653,y
-0.001666666666666667,0.008333333333333335,1.449044688792354,1.1306492862336421,0.2902161257973389,0.02817927676137301,y
-0.001666666666666667,0.010000000000000002,1.4972592572899597,1.1329865685370875,0.32908300391784784,0.035189684835024285,y
-0.001666666666666667,0.011666666666666669,1.5538608897769852,1.1358791458351776,0.37200891336337494,0.04597283057843253,y
-0.001666666666666667,0.013333333333333332,1.6171917531863174,1.1393240476146722,0.417563834489175,0.06030387108247014,y
-0.001666666666666667,0.015000000000000003,1.685984530149153,1.1433173482013244,0.464776589762354,0.07789059218547476,y
-0.001666666666666667,0.016666666666666666,1.759345691832807,1.1478541966751947,0.5129769835604517,0.09851451159716063,y
-0.001666666666666667,0.018333333333333337,1.8366437108204439,1.1529288525547943,0.5616879392403193,0.12202691902533025,y
-0.001666666666666667,0.02,1.9174145640566858,1.15853472662756,0.6105570132235204,0.1483228242056053,y
0.0,-0.02,2.150616936854089,1.1570870021283304,0.7495150942725791,0.24401484045317925,z
0.0,-0.018333333333333333,2.0631686940037586,1.150356361664814,0.7023928405314632,0.21041949180748115,z
0.0,-0.016666666666666666,1.9779184003714056,1.144102367066646,0.6546161065527136,0.17919992675204605,z
0.0,-0.015,1.8950955216487793,1.138336979804528,0.6063329744784219,0.15042556736582918,z
0.0,-0.013333333333333332,1.8149659207287012,1.1330716306849895,0.5577243761777753,0.12416991386593657,z
0.0,-0.011666666666666667,1.7378515249575432,1.1283171542882064,0.5090188926324242,0.10051547803691273,z
0.0,-0.01,1.6641629957244153,1.1240837242828965,0.4605164858347028,0.07956278560681597,z
0.0,-0.008333333333333333,1.5944550611820967,1.1203807904695386,0.4126274854395994,0.06144678527295882,z
0.0,-0.006666666666666666,1.5295195846587186,1.1172170184313084,0.365937885938399,0.04636468028901116,z
0.0,-0.004999999999999999,1.4705277105264907,1.1146002326805344,0.3213193287672423,0.03460814907871393,z
0.0,-0.003333333333333334,1.4191685555908913,1.1125373641743015,0.2801089497634239,0.026522241653165822,z
0.0,-0.001666666666666667,1.377551823796922,1.1110344030360941,0.24436881900695787,0.022148601753869984,z
0.0,0.0,1.347823646113772,1.110096357258998,0.2171150434695851,0.020612245385189045,z
0.0,0.001666666666666667,1.3321594206621385,1.109727218083117,0.20204614467717436,0.020386057901847027,x
0.0,0.003333333333333334,1.3323951230664801,1.109929932634277,0.20205226540523277,0.020412925026970223,x
0.0,0.005000000000000001,1.3485689711927191,1.1107063842883411,0.2171827371293195,0.020679849775058518,y
0.0,0.006666666666666668,1.3789030667509874,1.1120573810871086,0.24461799936527479,0.02222768629860391,y
0.0,0.008333333333333335,1.4212691887335442,1.1139826523834029,0.28068333735917234,0.026603198990969076,x
0.0,0.010000000000000002,1.473575953925699,1.116480853738549,0.32236090836304104,0.0347341918241088,y
0.0,0.011666666666666669,1.5337506483134924,1.1195495799413975,0.36757964086924905,0.04662142750284574,y
0.0,0.013333333333333332,1.6001200117962544,1.1231853858681045,0.41499256701222037,0.061942058915929535,x
0.0,0.015000000000000003,1.6715216865514204,1.127383814762071,0.4637185090099572,0.08041936277939236,x
0.0,0.016666666666666666,1.747171470584971,1.132139433387921,0.513162034935929,0.10187000226112122,y
0.0,0.018333333333333337,1.8265218380899593,1.1374458734053052,0.5629031510965515,0.1261728135881027,y
0.0,0.02,1.9091684399947828,1.1432958782213152,0.6126317795670662,0.15324078220640155,y
0.001666666666666667,-0.02,2.1251943960507975,1.1400805861876784,0.7433194376449581,0.24179437221816097,z
0.001666666666666667,-0.018333333333333333,2.0371035896486105,1.1332420096137488,0.6957163548488895,0.20814522518597198,z
0.001666666666666667,-0.016666666666666666,1.9512224918454395,1.1268936502740459,0.6474285051334948,0.17690033643789882,z
0.001666666666666667,-0.015,1.8677768966821957,1.121048061947868,0.5986003022551495,0.14812853247917843,z
0.001666666666666667,-0.013333333333333332,1.787027384730223,1.1157172329108749,0.5494080621563701,0.12190208966297793,z
0.001666666666666667,-0.011666666666666667,1.7092887297623542,1.110912514105085,0.5000748273773746,0.09830138827989442,z
0.001666666666666667,-0.01,1.6349626237130896,1.1066445482821756,0.4508945450840097,0.07742353034690433,z
0.001666666666666667,-0.008333333333333333,1.5645942118164335,1.1029232010943166,0.40227263262156626,0.0593983781005507,z
0.001666666666666667,-0.006666666666666666,1.4989699415907243,1.0997574951392433,0.35479575580106865,0.04441669065041251,z
0.001666666666666667,-0.004999999999999999,1.4392743567420505,1.0971555479755795,0.30935345681860665,0.0327653519478644,z
0.001666666666666667,-0.003333333333333334,1.3872630408216298,1.0951245151063491,0.2673461074157055,0.024792418299575215,z
0.001666666666666667,-0.001666666666666667,1.345210556332235,1.0936705388837198,0.2310030776655925,0.020536939782922634,z
0.001666666666666667,0.0,1.3155598887091087,1.0927987042137954,0.20369129687500953,0.019069887620303688,z
0.001666666666666667,0.001666666666666667,1.3009195670639058,1.0925130018399656,0.18959707612430007,0.01880948909964016,x
0.001666666666666667,0.003333333333333334,1.3033630431746028,1.0928162998572504,0.1917994346248161,0.018747308692536338,x
0.001666666666666667,0.005000000000000001,1.322579293416226,1.0937103239628698,0.20982670893347766,0.019042260519878635,x
0.001666666666666667,0.006666666666666668,1.3562791537388894,1.0951956467842212,0.24009962459265674,0.02098388236201138,x
0.001666666666666667,0.008333333333333335,1.4019956907031739,1.0972716864498366,0.2785527703614801,0.026171233891857108,x
0.001666666666666667,0.010000000000000002,1.457328140535233,1.0999367143879228,0.32212489949864753,0.035266526648662685,x
0.001666666666666667,0.011666666666666669,1.5200831088464948,1.1031878721573907,0.3688295442825214,0.04806569240658281,x
0.001666666666666667,0.013333333333333332,1.5886530690880496,1.1070211969437314,0.4174168383082279,0.06421503383609037,x
0.001666666666666667,0.015000000000000003,1.6619790379363488,1.1114316551925292,0.4670831987381006,0.08346418400571917,x
0.001666666666666667,0.016666666666666666,1.7393587995962725,1.1164131837129214,0.5172892886361599,0.10565632724719135,x
0.001666666666666667,0.018333333333333337,1.8203011349374012,1.1219587374642512,0.5676545298058957,0.13068786766725435,x
0.001666666666666667,0.02,1.9044391160629544,1.1280603431469056,0.6178964870187952,0.1584822858972536,x
0.003333333333333334,-0.02,2.1022893594319783,1.1230074888962729,0.7396262776177849,0.2396555929179204,z
0.003333333333333334,-0.018333333333333333,2.0137966395595868,1.1160583464053584,0.6917567051088626,0.20598158804536576,z
0.003333333333333334,-0.016666666666666666,1.927561952327209,1.109613388330357,0.643203228956584,0.17474533504026818,z
0.003333333333333334,-0.015,1.843816639717163,1.1036857966276217,0.5941138237290539,0.14601701936048722,z
0.003333333333333334,-0.013333333333333332,1.7628284888622225,1.098288150685771,0.5446696994833721,0.11987063869307937,z
0.003333333333333334,-0.011666666666666667,1.6849223193257714,1.0934323485720583,0.49510098830116595,0.09638898245254723,z
0.003333333333333334,-0.01,1.6105148346852116,1.0891295293550223,0.4457124698058579,0.07567283552433143,z
0.003333333333333334,-0.008333333333333333,1.5401749624492158,1.0853899976191763,0.39692699020178945,0.057857974628249924,z
0.003333333333333334,-0.006666666666666666,1.474727925205056,1.0822231513256637,0.3493605961636538,0.04314417771573872,z
0.003333333333333334,-0.004999999999999999,1.4154184940528425,1.0796374141825487,0.30395412967567653,0.03182695019461734,z
0.003333333333333334,-0.003333333333333334,1.3640753305211322,1.0776401736661962,0.2621982637954903,0.024236893059445687,z
0.003333333333333334,-0.001666666666666667,1.323022492050181,1.0762377257798057,0.22647230609475397,0.020312460175621223,z
0.003333333333333334,0.0,1.2947627746960841,1.0754352275457135,0.20033962855792706,0.018987918592443597,z
0.003333333333333334,0.001666666666666667,1.2820004047953046,1.0752366581069044,0.18807778878699352,0.018685957901406664,z
0.003333333333333334,0.003333333333333334,1.2866615683324714,1.0756447891618357,0.19248707310274357,0.018529706067892133,x
0.003333333333333334,0.005000000000000001,1.3080837603276354,1.0766611652809277,0.2125612358754127,0.018861359171294993,x
0.003333333333333334,0.006666666666666668,1.3438527412889203,1.0782860944579093,0.24441914176219304,0.021147505068818014,x
0.003333333333333334,0.008333333333333335,1.3914910169313486,1.0805186490417902,0.28401252090328294,0.02695984698627542,x
0.003333333333333334,0.010000000000000002,1.4485229763032423,1.083356676982792,0.3284025235445399,0.036763775775910376,x
0.003333333333333334,0.011666666666666669,1.5127611122299442,1.0867968231166623,0.37570922143754976,0.050255067675732276,x
0.003333333333333334,0.013333333333333332,1.5826623196959502,1.0908345600128948,0.4247533350744637,0.06707442460859171,x
0.003333333333333334,0.015000000000000003,1.6572243259774537,1.0954642277315474,0.4747747138583865,0.08698538438752002,x
0.003333333333333334,0.016666666666666666,1.7357815697631018,1.1006790816759664,0.5252604647408357,0.10984202334629985,x
0.003333333333333334,0.018333333333333337,1.817864651004853,1.1064713475994128,0.5758462932031305,0.13554701020230983,x
0.003333333333333334,0.02,1.903119223963766,1.1128322827263477,0.6262599649432173,0.16402697629420093,x
0.005000000000000001,-0.02,2.0819659151276753,1.1058688971996875,0.7384939418116385,0.23760307611634912,z
0.005000000000000001,-0.018333333333333333,1.9933242468139918,1.0988064313906996,0.6905832892701897,0.2039345261531024,z
0.005000000000000001,-0.016666666666666666,1.9070287384222193,1.0922625293126824,0.6420234585145687,0.17274275059496838,z
0.005000000000000001,-0.015,1.8233266735212244,1.0862510398147316,0.592974116662243,0.14410151704424978,z
0.005000000000000001,-0.013333333333333332,1.742507239649578,1.0807851697347726,0.5436321471290299,0.11808992278577546,z
0.005000000000000001,-0.011666666666666667,1.6649249976266125,1.0758773974877758,0.4942491912708429,0.0947984088679938,z
0.005000000000000001,-0.01,1.5910392553464106,1.071539387839703,0.44516021411483864,0.07433965339186867,z
0.005000000000000001,-0.008333333333333333,1.5214809474638613,1.06778190914658,0.3968311940197719,0.056867844297509317,z
0.005000000000000001,-0.006666666666666666,1.457163024805662,1.0646147543823514,0.3499402222378911,0.04260804818541938,z
0.005000000000000001,-0.004999999999999999,1.3994348109698027,1.0620466672904931,0.30551547729953166,0.031872666379777974,z
0.005000000000000001,-0.003333333333333334,1.35017827327963,1.0600852749658218,0.26515916823241886,0.024933830081389344,z
0.005000000000000001,-0.001666666666666667,1.3116054405766449,1.0587370281060073,0.2313494474945378,0.021518964976099578,z
0.005000000000000001,0.0,1.2859963791629343,1.0580071500634751,0.20760288431972995,0.020386344779729296,z
0.005000000000000001,0.001666666666666667,1.2757391458625118,1.0578995956824295,0.19779159004935232,0.020047960130729944,z
0.005000000000000001,0.003333333333333334,1.28228299831742,1.0584170207239885,0.2040480446291421,0.019817932964289284,z
0.005000000000000001,0.005000000000000001,1.3048043757551684,1.0595607624723375,0.225052055648309,0.020191557634522062,x
0.005000000000000001,0.006666666666666668,1.3411930316307528,1.0613308318826475,0.25715495276751976,0.02270724698058532,x
0.005000000000000001,0.008333333333333335,1.3892739218224974,1.0637259173864468,0.29665878731810746,0.028889217117943043,x
0.005000000000000001,0.010000000000000002,1.446719779963242,1.066743400220966,0.34084225513950317,0.03913412460277294,x
0.005000000000000001,0.011666666666666669,1.511415877482987,1.0703793809061242,0.3879219925151636,0.05311450406169905,x
0.005000000000000001,0.013333333333333332,1.5818457730769346,1.0746287162643287,0.43675289269626794,0.07046416411633792,x
0.005000000000000001,0.015000000000000003,1.6570090442552892,1.0794850661734114,0.4865825870650541,0.09094139101682375,x
0.005000000000000001,0.016666666666666666,1.7362326138782,1.0849409490681652,0.5368960246813137,0.11439564012872126,x
0.005000000000000001,0.018333333333333337,1.8190371420137987,1.0909878050664654,0.587323587565938,0.14072574938139526,x
0.005000000000000001,0.02,1.9050584207115437,1.0976160654950649,0.6375871821816053,0.16985517303487374,x
0.006666666666666668,-0.02,2.06426131342508,1.0886660465693245,0.7399538753549106,0.23564139150084443,z
0.006666666666666668,-0.018333333333333333,1.9757289522610524,1.0814873637654856,0.6922316652113376,0.2020099232842291,z
0.006666666666666668,-0.016666666666666666,1.8896714250669964,1.0748420533359444,0.6439291366927641,0.17090023503828772,z
0.006666666666666668,-0.015,1.806362328587451,1.0687446728642767,0.5952255537875566,0.14239210193561774,z
0.006666666666666668,-0.013333333333333332,1.7261261998434658,1.063209095934667,0.5463437303679434,0.1165733735408556,z
0.006666666666666668,-0.011666666666666667,1.6493662105968736,1.058248417237895,0.49757010767875,0.09354768568022867,z
0.006666666666666668,-0.01,1.5766095066538768,1.0538748589787508,0.44928679894297674,0.07344784873214925,z
0.006666666666666668,-0.008333333333333333,1.5085807153613857,1.0500996800531706,0.402023583053794,0.05645745225442114,z
0.006666666666666668,-0.006666666666666666,1.446311509770512,1.0469330895158613,0.3565426842228702,0.04283573603178027,z
0.006666666666666668,-0.004999999999999999,1.3912555564011995,1.0443841658711948,0.3139738849042288,0.032897505625775786,z
0.006666666666666668,-0.003333333333333334,1.3452560644321492,1.0424607836851159,0.2760107092842825,0.026784571462750865,z
0.006666666666666668,-0.001666666666666667,1.3102281193395109,1.0411695489337747,0.24511775261585206,0.023940817789884015,z
0.006666666666666668,0.0,1.2880105997296827,1.0405157443729804,0.22449650899007031,0.022998346366631985,z
0.006666666666666668,0.001666666666666667,1.2804131729528807,1.040503286036337,0.21727636313649368,0.02263352378004989,z
0.006666666666666668,0.003333333333333334,1.2883401174158624,1.0411346917515467,0.22484352418151074,0.022361901482804928,z
0.006666666666666668,0.005000000000000001,1.3110343997477474,1.0424110623131375,0.24584035304504567,0.022782984389564154,x
0.006666666666666668,0.006666666666666668,1.3469215276783961,1.0443320756735774,0.27716505713706363,0.025424394867754954,x
0.006666666666666668,0.008333333333333335,1.3943041158758493,1.0468959942252312,0.3156377903224702,0.03177033132814794,x
0.006666666666666668,0.010000000000000002,1.4511548293082386,1.0500996849533988,0.35880688283854617,0.042248261516293524,x
0.006666666666666668,0.011666666666666669,1.5154811887928732,1.0539386519586604,0.40498414745211536,0.05655838938209723,x
0.006666666666666668,0.013333333333333332,1.585772996597829,1.0584070805848285,0.45303980225906487,0.07432611375393564,x
0.006666666666666668,0.015000000000000003,1.6609969803873983,1.0634978921574865,0.5022080619581529,0.09529102627175892,x
0.006666666666666668,0.016666666666666666,1.7404426576243306,1.0692028081451816,0.5519531371813093,0.1192867122978397,x
0.006666666666666668,0.018333333333333337,1.8235981291324888,1.075512422406043,0.6018851097095473,0.1462005970168984,x
0.006666666666666668,0.02,1.9100726700848656,1.0824162800810782,0.6517083286715172,0.17594806133227023,x
0.008333333333333335,-0.02,2.049184625070765,1.0714002243407437,0.7440093173405056,0.23377508338951555,z
0.008333333333333335,-0.018333333333333333,1.9610176469189966,1.0641022851939328,0.6967018029781621,0.20021355874690192,z
0.008333333333333335,-0.016666666666666666,1.8754928103438038,1.0573529745123937,0.648914656840787,0.16922517899062295,z
0.008333333333333335,-0.015,1.7929191179789894,1.05116760389298,0.6008532519087774,0.1408982621772322,z
0.008333333333333335,-0.013333333333333332,1.7136681349976994,1.0455607562235985,0.5527742609533898,0.11533311782071116,z
0.008333333333333335,-0.011666666666666667,1.6382062937646997,1.0405461813808916,0.5050082381332208,0.09265187425058725,z
0.008333333333333335,-0.01,1.5671455180900664,1.0361366933504979,0.45799448665452813,0.07301433808504051,z
0.008333333333333335,-0.008333333333333333,1.5013185886303837,1.0323440704570443,0.41233508270474883,0.056639435468590384,z
0.008333333333333335,-0.006666666666666666,1.4418707850658623,1.029178960453337,0.36887725741695176,0.043814567195573445,z
0.008333333333333335,-0.004999999999999999,1.3902961897959158,1.0266507922311348,0.3288317309287089,0.03481366663607214,z
0.008333333333333335,-0.003333333333333334,1.348254836556004,1.024767695872743,0.29391541096259105,0.029571729720670233,z
0.008333333333333335,-0.001666666666666667,1.3172290874919315,1.023536432662441,0.26643743116313995,0.027255223666350532,z
0.008333333333333335,0.0,1.2985321954347788,1.0229623365172742,0.24910173471196234,0.026468124205542308,z
0.008333333333333335,0.001666666666666667,1.2933675462436316,1.0230492680838317,0.2442331834229412,0.026085094736858827,z
0.008333333333333335,0.003333333333333334,1.3022253498878444,1.0237995824851587,0.2526256163847148,0.02580015101797085,z
0.008333333333333335,0.005000000000000001,1.3245437333153782,1.025214111401008,0.2730530662338993,0.026276555680471016,z
0.008333333333333335,0.006666666666666668,1.3593031328494218,1.0272921598360736,0.3030208010879113,0.028990171925436747,x
0.008333333333333335,0.008333333333333335,1.4053129844983456,1.030031517588395,0.3398936893402768,0.03538777756967387,x
0.008333333333333335,0.010000000000000002,1.4609150247263456,1.0334284850876745,0.3815153097587852,0.04597122987988576,x
0.008333333333333335,0.011666666666666669,1.5242881684007688,1.0374779129463332,0.42630844815436936,0.060501807300066206,x
0.008333333333333335,0.013333333333333332,1.5939403250069726,1.0421732542661846,0.4731628993223988,0.07860417141838921,x
0.008333333333333335,0.015000000000000003,1.6687983184162571,1.0475066284837595,0.5212965913828647,0.09999509854963307,x
0.008333333333333335,0.016666666666666666,1.7481024186795704,1.0534688953257325,0.5701471159222121,0.12448640743162598,x
0.008333333333333335,0.018333333333333337,1.8312967949710064,1.0600497372887319,0.6192977187006258,0.15194933898164856,x
0.008333333333333335,0.02,1.917954619755551,1.0672377489580769,0.6684290678092971,0.1822878029881771,x
0.010000000000000002,-0.02,2.036716848886265,1.0540727734031377,0.7506354281008557,0.23200864738227192,z
0.010000000000000002,-0.018333333333333333,1.9491619070015282,1.0466523827141523,0.7039584626034734,0.19855106168390257,z
0.010000000000000002,-0.016666666666666666,1.864450704278552,1.0397963431250326,0.6569297399510241,0.1677246212024955,z
0.010000000000000002,-0.015,1.782934419021705,1.0335207693093658,0.6097849349252749,0.13962871478706432,z
0.010000000000000002,-0.013333333333333332,1.7050394574245857,1.0278409996128774,0.5628188555361558,0.11437960227555236,z
0.010000000000000002,-0.011666666666666667,1.6313034558043924,1.022771481300269,0.5164096637315032,0.09212231077262019,z
0.010000000000000002,-0.01,1.562427886677962,1.0183256573500565,0.471054597980593,0.07304763134731232,z
0.010000000000000002,-0.008333333333333333,1.4993454945443623,1.0145158567387593,0.4274219065082797,0.057407731297323045,z
0.010000000000000002,-0.006666666666666666,1.4432710026254052,1.0113531902296595,0.38642299046909395,0.04549482192665178,z
0.010000000000000002,-0.004999999999999999,1.3956317763927915,1.008847453695672,0.3493015027544844,0.03748281994263512,z
0.010000000000000002,-0.003333333333333334,1.357775491988448,1.0070070409524767,0.31771105000267674,0.033057401033294534,z
0.010000000000000002,-0.001666666666666667,1.3307119024647185,1.0058388679558488,0.2936952661959441,0.031177768312925836,z
0.010000000000000002,0.0,1.3152658784505293,1.0053483100237017,0.2794125720125135,0.030504996414314048,z
0.010000000000000002,0.001666666666666667,1.3121533890215367,1.0055391534858265,0.27650484122036384,0.030109394315346233,z
0.010000000000000002,0.003333333333333334,1.3216202126794194,1.0064135628485242,0.2853753191336224,0.029831330697272854,z
0.010000000000000002,0.005000000000000001,1.343328432576495,1.0079720642007222,0.30498392481805203,0.03037244355772094,z
0.010000000000000002,0.006666666666666668,1.376726421561044,1.0102135451968859,0.333368057202871,0.03314481916128707,z
0.010000000000000002,0.008333333333333335,1.4210740364141683,1.0131352715471404,0.3683841559698851,0.0395546088971427,x
0.010000000000000002,0.010000000000000002,1.475086285015843,1.0167329195439454,0.40817110792291017,0.050182257548987336,x
0.010000000000000002,0.011666666666666669,1.5371503571290521,1.021000623775729,0.4512823195145757,0.06486741383874753,x
0.010000000000000002,0.013333333333333332,1.6058223076265064,1.025931038835783,0.4966445075734102,0.08324676121731306,x
0.010000000000000002,0.015000000000000003,1.680002213819518,1.0315154135439126,0.5434694467463221,0.10501735352928333,x
0.010000000000000002,0.016666666666666666,1.7588840465347837,1.0377436759684608,0.5911724691691843,0.12996790139713832,x
0.010000000000000002,0.018333333333333337,1.8418665695710932,1.044604527373442,0.6393108605910709,0.15795118160658034,x
0.010000000000000002,0.02,1.928483813735758,1.0520855431225338,0.6875406829473921,0.1888575876658323,x
0.011666666666666669,-0.02,2.0268124445133258,1.0366850962835612,0.7597808429526248,0.23034650527713946,z
0.011666666666666669,-0.018333333333333333,1.9401003869530058,1.0291388919609057,0.7139336323120632,0.19702786268003705,z
0.011666666666666669,-0.016666666666666666,1.8564617436977198,1.0221732480427428,0.6678833410504763,0.16640515460450075,z
0.011666666666666669,-0.015,1.7762936889759013,1.015805135516699,0.6218973310562766,0.13859122240292548,z
0.011666666666666669,-0.013333333333333332,1.7000805944716084,1.0100506983145687,0.5763086551697396,0.11372124098729999,z
0.011666666666666669,-0.011666666666666667,1.6284315400272047,1.004925126932363,0.5315404322029579,0.09196598089188374,z
0.011666666666666669,-0.01,1.5621293362019837,1.0004425337265916,0.48813974895762513,0.07354705351776689,z
0.011666666666666669,-0.008333333333333333,1.502177344668428,0.9966158321236427,0.4468230447664398,0.0587384677783453,z
0.011666666666666669,-0.006666666666666666,1.4497892261053378,0.9934566220670602,0.4085317088394465,0.04780089519883114,z
0.011666666666666669,-0.004999999999999999,1.4062166639612828,0.9909750840435817,0.374486520711245,0.04075505920645614,z
0.011666666666666669,-0.003333333333333334,1.3724291645387776,0.9891798839629884,0.346206499527915,0.037042781047874264,z
0.011666666666666669,-0.001666666666666667,1.3490062271306327,0.9880780910175315,0.3254219565080422,0.035506179605059036,z
0.011666666666666669,0.0,1.336384539146456,0.9876751104119684,0.3137963452174142,0.03491308351707352,z
0.011666666666666669,0.001666666666666667,1.3349449678287453,0.9879746325434468,0.3124611799751285,0.03450915531017003,z
0.011666666666666669,0.003333333333333334,1.3448168816267156,0.9889785998300148,0.3215861731440644,0.03425210865263636,z
0.011666666666666669,0.005000000000000001,1.3658651309565968,0.9906871919541363,0.3403103146605122,0.03486762434194843,z
0.011666666666666669,0.006666666666666668,1.397897460431585,0.993098829821198,0.3670930258594139,0.037705604750973086,z
0.011666666666666669,0.008333333333333335,1.4405390071875124,0.9962101980543621,0.4002003266279227,0.04412848250522772,x
0.011666666666666669,0.010000000000000002,1.492843803137479,1.0000162853772523,0.43804536999279003,0.054782147767436826,x
0.011666666666666669,0.011666666666666669,1.5534227529751183,1.0045104417978363,0.4793238927736895,0.06958841840359238,x
0.011666666666666669,0.013333333333333332,1.620910737940074,1.0096844511173482,0.5230182927935352,0.08820799402919072,x
0.011666666666666669,0.015000000000000003,1.6942030781669055,1.015528616964858,0.568349539533093,0.11032492166895456,x
0.011666666666666669,0.016666666666666666,1.7724591939320224,1.0220318603106444,0.6147207895675635,0.1357065440538146,x
0.011666666666666669,0.018333333333333337,1.855037816829089,1.029181826247068,0.6616691867270608,0.16418680385496026,x
0.011666666666666669,0.02,1.9414357797591122,1.0369649977451068,0.7088291427729198,0.19564163924108566,x
0.013333333333333332,-0.02,2.0194021001963254,1.019238659675703,0.7713704620925432,0.2287929784280791,z
0.013333333333333332,-0.018333333333333333,1.9337429317663346,1.0115631007465795,0.7265306876527547,0.19564914336700023,z
0.013333333333333332,-0.016666666666666666,1.8514076125172323,1.0044848194089282,0.6816499617482437,0.1652728313600604,z
0.013333333333333332,-0.015,1.772840044923077,0.9980217008120499,0.637025926478656,0.1377924176323712,z
0.013333333333333332,-0.013333333333333332,1.698581013689009,0.9921907490007978,0.5930261525086038,0.1133641121796072,z
0.013333333333333332,-0.011666666666666667,1.629304048000711,0.9870079475801646,0.5501109856297245,0.0921851147908219,z
0.013333333333333332,-0.01,1.5658540219606316,0.9824881221847312,0.508863092469514,0.07450280730638618,z
0.013333333333333332,-0.008333333333333333,1.5092611531522706,0.9786448073340233,0.4700230229154309,0.06059332290281631,z
0.013333333333333332,-0.006666666666666666,1.4606610301007534,0.9754901203602738,0.43452559907790045,0.05064531066257916,z
0.013333333333333332,-0.004999999999999999,1.4210517971757084,0.9730346451128912,0.4035221161953795,0.04449503586743778,z
0.013333333333333332,-0.003333333333333334,1.3910258024165978,0.9712873280632307,0.37835704656109365,0.04138142779227344,z
0.013333333333333332,-0.001666666666666667,1.3708159150101056,0.9702553892505311,0.36045271820139096,0.04010780755818353,z
0.013333333333333332,0.0,1.3605813275640282,0.9699442502248421,0.3510685487174226,0.039568528621763494,z
0.013333333333333332,0.001666666666666667,1.360495553286609,0.9703574807648624,0.3509779794161713,0.03916009310557529,z
0.013333333333333332,0.003333333333333334,1.3706496086886928,0.97149676568936,0.36021820204501065,0.03893464095432215,z
0.013333333333333332,0.005000000000000001,1.3910757444961361,0.9733618925621116,0.37807987249863434,0.039633979435390224,z
0.013333333333333332,0.006666666666666668,1.4218467565447246,0.9759507605338869,0.403343780895546,0.04255221511529179,z
0.013333333333333332,0.008333333333333335,1.4628701147586571,0.9792594099988543,0.43460350208384707,0.04900720267595578,z
0.013333333333333332,0.010000000000000002,1.5134887908622783,0.9832820721930764,0.47051361994851787,0.05969309872068412,x
0.013333333333333332,0.011666666666666669,1.5725332280277362,0.9880112373564971,0.5099130034654162,0.07460898720582287,x
0.013333333333333332,0.013333333333333332,1.638738981086917,0.9934377396384122,0.5518533315987103,0.09344790984979434,x
0.013333333333333332,0.015000000000000003,1.7110187525206781,0.9995508565690402,0.5955794859840862,0.11588840996755159,x
0.013333333333333332,0.016666666666666666,1.7885124486469195,1.0063384206574397,0.6404941527985584,0.1416798751909213,x
0.013333333333333332,0.018333333333333337,1.8705477709286304,1.013786940515275,0.6861224885267475,0.1706383418866077,x
0.013333333333333332,0.02,1.956589429163958,1.0218817288457174,0.7320825103744509,0.20262518994378972,x
0.015000000000000003,-0.02,2.014396419139236,1.0017349994701144,0.785309159890509,0.22735225977861268,z
0.015000000000000003,-0.018333333333333333,1.92997587595902,0.9939263530476228,0.7416297380352375,0.19441978487615966,z
0.015000000000000003,-0.016666666666666666,1.8491427523993347,0.9867322316406051,0.6980774510504196,0.1643330697083101,z
0.015000000000000003,-0.015,1.7723856062157002,0.9801714975082698,0.6549764650468423,0.13723764366058822,z
0.015000000000000003,-0.013333333333333332,1.7002960600653925,0.9742620742130413,0.612722257146661,0.11331172870569022,z
0.015000000000000003,-0.011666666666666667,1.6335993281740486,0.9690207928254417,0.5718014786963219,0.09277705665228507,z
0.015000000000000003,-0.01,1.5731755067526951,0.9644632400594498,0.532815403292208,0.07589686340103732,z
0.015000000000000003,-0.008333333333333333,1.5200322545875626,0.9606036113214341,0.4965043232311245,0.06292432003500398,z
0.015000000000000003,-0.006666666666666666,1.4751609217547863,0.9574545717822047,0.46376574245905106,0.05394060751353052,z
0.015000000000000003,-0.004999999999999999,1.4392709619948867,0.9550271286022827,0.43565165304944403,0.04859218034315997,z
0.015000000000000003,-0.003333333333333334,1.4126228187913792,0.9533305173407698,0.4133213108662169,0.04597099058439266,z
0.015000000000000003,-0.001666666666666667,1.3951932966171119,0.9523721053552553,0.39792405731085523,0.044897133951001464,z
0.015000000000000003,0.0,1.3869585572526886,0.9521573146528947,0.39040786061461935,0.04439338198517453,z
0.015000000000000003,0.001666666666666667,1.3879753311568834,0.9526895661942557,0.39130147292776124,0.043984292034866555,z
0.015000000000000003,0.003333333333333334,1.3983388037500255,0.9539702470967639,0.40056947494746126,0.043799081705800345,z
0.015000000000000003,0.005000000000000001,1.4182146179166035,0.9559987015609421,0.41762467802613434,0.04459123832952699,z
0.015000000000000003,0.006666666666666668,1.447868342306294,0.9587722456787631,0.4414897291225941,0.04760636750493672,z
0.015000000000000003,0.008333333333333335,1.4874204098757233,0.9622862056135425,0.47101537854912273,0.05411882571305813,z
0.015000000000000003,0.010000000000000002,1.5364509052474118,0.9665339779978998,0.5050615188874475,0.06485540836206458,z
0.015000000000000003,0.011666666666666669,1.5939928860699728,0.9715071108126623,0.5426024781327935,0.07988329712451687,x
0.015000000000000003,0.013333333333333332,1.6588936261650795,0.9771954025114544,0.5827660496526107,0.09893217400101421,x
0.015000000000000003,0.015000000000000003,1.7301010202426934,0.9835870167635089,0.6248322363864881,0.12168176709269646,x
0.015000000000000003,0.016666666666666666,1.8067500688436708,0.9906686099145344,0.6682139175143601,0.1478675414147763,x
0.015000000000000003,0.018333333333333337,1.888147537224109,0.9984254681154252,0.712432741052637,0.17728932805604677,x
0.015000000000000003,0.02,1.97373258098172,1.0068416510397893,0.757096497269689,0.20979443267224196,x
0.016666666666666666,-0.02,2.0116901424720104,0.9841757263512603,0.8014860312557828,0.22602838486496718,z
0.016666666666666666,-0.018333333333333333,1.928667917760731,0.9762300534505879,0.7590935481749771,0.19334431613516603,z
0.016666666666666666,-0.016666666666666666,1.8495025764250017,0.9689167067802547,0.7169953039861057,0.16359056565864136,z
0.016666666666666666,-0.015,1.7747230015758988,0.9622555943100737,0.6755365875261039,0.1369308197397211,z
0.016666666666666666,-0.013333333333333332,1.7049630418628672,0.9562656239428783,0.6351325155545317,0.11356490236545731,z
0.016666666666666666,-0.011666666666666667,1.6409829200644537,0.9509645335532857,0.596283960120664,0.09373442639050389,z
0.016666666666666666,-0.01,1.5836674203360268,0.9463687230750526,0.559594201196835,0.07770449606413901,z
0.016666666666666666,-0.008333333333333333,1.533954525631872,0.9424930920904739,0.5257826212422215,0.06567881229917674,z
0.016666666666666666,-0.006666666666666666,1.49264581693215,0.9393508865278376,0.4956880793025638,0.05760685110174844,z
0.016666666666666666,-0.004999999999999999,1.4601642512560533,0.9369535580964743,0.47024986533315993,0.05296082782641919,z
0.016666666666666666,-0.003333333333333334,1.4365024933897643,0.9353106399665124,0.45045094906987615,0.05074090435337568,z
0.016666666666666666,-0.001666666666666667,1.4214607489201274,0.9344296419273705,0.4372127352329435,0.04981837175981325,z
0.016666666666666666,0.0,1.4149033903392378,0.9343159678357803,0.4312498219328995,0.049337600570557985,z
0.016666666666666666,0.001666666666666667,1.4168295607790913,0.9349728576065017,0.4329247870780208,0.04893191609456875,z
0.016666666666666666,0.003333333333333334,1.4273598977059336,0.9364013553278068,0.4421639738249228,0.04879456855320415,z
0.016666666666666666,0.005000000000000001,1.4467653274777224,0.9386003043331872,0.458476888788011,0.04968813435652399,z
0.016666666666666666,0.006666666666666668,1.4754514869709618,0.9415663692678722,0.48106864670285443,0.05281647100023528,z
0.016666666666666666,0.008333333333333335,1.5136976023479634,0.9452940843959786,0.5089908692823254,0.05941264866965931,z
0.016666666666666666,0.010000000000000002,1.5612740841189618,0.9497759266427999,0.5412745774672991,0.07022358000886288,z
0.016666666666666666,0.011666666666666669,1.617393584580525,0.9550024111956994,0.5770171039279904,0.08537406945683508,x
0.016666666666666666,0.013333333333333332,1.68101716067911,0.960962206927057,0.6154234522245677,0.10463150152748518,x
0.016666666666666666,0.015000000000000003,1.751140082034799,0.9676422684776761,0.6558157928099974,0.1276820207471256,x
0.016666666666666666,0.016666666666666666,1.8269047093050845,0.975027981561289,0.6976255743131489,0.15425115343064663,x
0.016666666666666666,0.018333333333333337,1.9076064290853227,0.9831033179229463,0.7403785095658587,0.1841246015965177,x
0.016666666666666666,0.02,1.992665701041742,0.9918509963998077,0.7836782450149028,0.2171364596270314,x
0.018333333333333337,-0.02,2.0111665262004927,0.9665625320364232,0.8197787920232633,0.22482520214080617,z
0.018333333333333337,-0.018333333333333333,1.9296759917095039,0.9584756721203253,0.7787734564632984,0.19242686312588025,z
0.018333333333333337,-0.016666666666666666,1.8523113241487659,0.9510395182497396,0.7382225931824803,0.16304921271654593,z
0.018333333333333337,-0.015,1.779635784970924,0.944275098980369,0.6984863466238459,0.1368743393667089,z
0.018333333333333337,-0.013333333333333332,1.7123148276464453,0.9382023774088654,0.6599907358519242,0.11412171438565565,z
0.018333333333333337,-0.011666666666666667,1.6511248871483644,0.9328400631056425,0.6232392728396944,0.09504555120302749,z
0.018333333333333337,-0.01,1.5969246561020776,0.9282054262008158,0.5888230534155533,0.07989617648570835,z
0.018333333333333337,-0.008333333333333333,1.550543225659641,0.9243141176281253,0.5574254071459837,0.06880370088553202,z
0.018333333333333337,-0.006666666666666666,1.5125696712906391,0.9211799997167956,0.5298146648429584,0.061575006730885035,z
0.018333333333333337,-0.004999999999999999,1.4831675112285003,0.9188149913485115,0.506816298385647,0.05753622149434173,z
0.018333333333333337,-0.003333333333333334,1.4621270648801115,0.9172289317463621,0.48925591101281285,0.05564222212093643,z
0.018333333333333337,-0.001666666666666667,1.449134604903563,0.9164294666276437,0.4778708763536658,0.054834261922253415,z
0.018333333333333337,0.0,1.4439929524006638,0.916421959935791,0.47320286928900096,0.05436812317587185,z
0.018333333333333337,0.001666666666666667,1.4466807061018605,0.9172094336872126,0.4755011175869827,0.05397015482766516,z
0.018333333333333337,0.003333333333333334,1.4573534867308218,0.9187925376557639,0.48467320380020473,0.05388774527485321,z
0.018333333333333337,0.005000000000000001,1.4763655378681904,0.9211695497128497,0.5003050172835936,0.05489097087174715,z
0.018333333333333337,0.006666666666666668,1.5042247657050036,0.9243364066933306,0.5217406246380045,0.05814773437366838,z
0.018333333333333337,0.008333333333333335,1.5413281987641434,0.9282867647193176,0.5481889185349449,0.06485251550988093,z
0.018333333333333337,0.010000000000000002,1.5875970969992623,0.9330120870365313,0.5788221438168287,0.07576286614590252,z
0.018333333333333337,0.011666666666666669,1.642399193470607,0.9385017566486226,0.6128463949982768,0.09105104182370767,z
0.018333333333333337,0.013333333333333332,1.7048052461364416,0.9447432104093114,0.6495410494300894,0.11052098629704084,x
0.018333333333333337,0.015000000000000003,1.7738648830455743,0.951722090777119,0.6882738360405036,0.13386895622795184,x
0.018333333333333337,0.016666666666666666,1.8487371197678493,0.9594224111644954,0.7285005961517953,0.16081411245155858,x
0.018333333333333337,0.018333333333333337,1.9287141444795037,0.9678267307213934,0.7697572098913742,0.19113020386673607,x
0.018333333333333337,0.02,2.0132041119633723,0.9769163344713694,0.8116485840602535,0.2246391934317496,x
0.02,-0.02,2.0127015420240633,0.9488971962429262,0.8400580027509398,0.22374634303019728,z
0.02,-0.018333333333333333,1.932850680263547,0.9406647503627145,0.8005148295927758,0.19167110030805679,z
0.02,-0.016666666666666666,1.8573889437189297,0.933101995063233,0.7615749159063048,0.16271203274939178,z
0.02,-0.015,1.7869070018505955,0.9262311613388705,0.7236068331597448,0.1370690073519803,z
0.02,-0.013333333333333332,1.7220901685907615,0.920073345058583,0.6870392288407328,0.11497759469144572,z
0.02,-0.011666666666666667,1.663711671867983,0.9146482985831381,0.6523682637000837,0.09669510958476106,z
0.02,-0.01,1.6125757492540191,0.909974224617925,0.6201620037426055,0.08243952089348852,z
0.02,-0.008333333333333333,1.5693742040928949,0.9060675769543971,0.5910581870200349,0.07224844011846288,z
0.02,-0.006666666666666666,1.5344807071882374,0.9029428729786679,0.5657503399271654,0.06578749428240399,z
0.02,-0.004999999999999999,1.5078389007326534,0.900612522857715,0.5449565993728205,0.062269778502118095,z
0.02,-0.003333333333333334,1.4890945484270053,0.8990866801289946,0.5293674059835185,0.06064046231449237,z
0.02,-0.001666666666666667,1.477866479646474,0.8983731180078399,0.5195741326904959,0.05991922894813832,z
0.02,0.0,1.473930028672175,0.8984771350949116,0.5159904651273219,0.05946242844994176,z
0.02,0.001666666666666667,1.47726579431188,0.8994014933366707,0.518787570454394,0.05907673052081531,z
0.02,0.003333333333333334,1.488067673536332,0.9011463901047347,0.5278652407658343,0.05905604266576303,z
0.02,0.005000000000000001,1.5067563826910721,0.9037094651680564,0.5428700168453416,0.060176900677674186,z
0.02,0.006666666666666668,1.5339150019643104,0.9070858421978452,0.5632530959541175,0.06357606381234782,z
0.02,0.008333333333333335,1.570027726336869,0.9112682033347117,0.5883473220230193,0.07041220097913785,z
0.02,0.010000000000000002,1.615134514976436,0.9162468943246042,0.6174410985170771,0.08144652213475474,z
0.02,0.011666666666666669,1.6687347833703021,0.9220100568507715,0.6498351389081055,0.0968895876114251,z
0.02,0.013333333333333332,1.7300013048482183,0.9285437839957541,0.6848780849525464,0.11657943589991762,z
0.02,0.015000000000000003,1.7980409390998893,0.9358322942882872,0.7219838642405031,0.14022478057109905,x
0.02,0.016666666666666666,1.8720357848508749,0.9438581195354286,0.7606362398285136,0.16754142548693265,x
0.02,0.018333333333333337,1.951281343634745,0.9526023016037003,0.8003857746690503,0.19829326736199443,x
0.02,0.02,2.0351789966709384,0.9620445934757781,0.8408430879430079,0.23229131525215255,x
