tc,cross_comp_2,score,target_residual,braid_res,ybe_res,best_axis
0.9,-0.1,5.809492995403689,0.33864703257059486,4.186038260228388,1.284807702604706,z
0.9,-0.09166666666666667,5.856069949933555,0.3744276879847053,4.2044990186001465,1.2771432433487029,z
0.9,-0.08333333333333334,5.906314950256913,0.4134977689544509,4.218196676255988,1.274620505046474,z
0.9,-0.07500000000000001,5.959745491205331,0.45516756864856295,4.226062860162822,1.2785150623939465,z
0.9,-0.06666666666666668,6.015938884066018,0.4989096233718496,4.227000531634314,1.2900287290598544,z
0.9,-0.05833333333333334,6.074430330542961,0.5443174836818468,4.219912208774826,1.3102006380862892,z
0.9,-0.05,6.134627904005713,0.5910718636272445,4.203732326272561,1.3398237141059064,z
0.9,-0.04166666666666667,6.195760547330311,0.638915274907953,4.177462969058685,1.3793823033636723,z
0.9,-0.03333333333333334,6.2568687207154685,0.6876337576709443,4.1402119622084115,1.4290230008361129,z
0.9,-0.02500000000000001,6.316838476968542,0.7370439288804654,4.0912320668835775,1.4885624812044986,z
0.9,-0.016666666666666677,6.374470611082925,0.7869838364622653,4.029959834862318,1.5575269397583429,z
0.9,-0.008333333333333345,6.428570509498508,0.8373064885340101,3.9560525251815237,1.635211495782974,z
0.9,0.0,6.478043100088004,0.8878752555029642,3.8694213968842015,1.7207464477008383,z
0.9,0.008333333333333331,6.521980019440651,0.9385605882474741,3.7702596703721403,1.8131597608210375,z
0.9,0.016666666666666663,6.559730544853767,0.9892376686214993,3.6590635010800745,1.9114293751521931,z
0.9,0.024999999999999994,6.5909519949656685,1.0397847274805097,3.536644432574162,2.0145228349109967,z
0.9,0.033333333333333326,6.6156382174986845,1.0900818464738107,3.404131984808831,2.1214243862160433,z
0.9,0.04166666666666666,6.634126401554345,1.1400101150286488,3.2629652731630507,2.231151013362645,z
0.9,0.04999999999999999,6.6470831674889785,1.1894510516731922,3.1148728246832444,2.342759291132542,z
0.9,0.05833333333333332,6.655471147463871,1.2382862248049735,2.9618400364618624,2.455344886197035,z
0.9,0.06666666666666665,6.660497398834338,1.286397026022467,2.806063989778894,2.568036383032977,z
0.9,0.07499999999999998,6.663545174401812,1.3336645617447118,2.649895597573875,2.679985015083225,z
0.9,0.08333333333333331,6.666090913316724,1.3799696377494233,2.495769377504818,2.790351898062483,z
0.9,0.09166666666666665,6.669608926156489,1.425192817608355,2.346121651705621,2.8982944568425117,z
0.9,0.1,6.6754673198378,1.469214540564217,2.203298940991961,3.0029538382816217,z
0.9083333333333333,-0.1,6.169571798165294,0.4122910107735322,4.272054623264604,1.485226164127158,z
0.9083333333333333,-0.09166666666666667,6.230584721670393,0.4593162060947237,4.279482278401772,1.4917862371738981,z
0.9083333333333333,-0.08333333333333334,6.292266344755406,0.5081630006185524,4.280624790772318,1.5034785533645356,z
0.9083333333333333,-0.07500000000000001,6.354018276213689,0.5584511354775944,4.274403245334675,1.5211638954014202,z
0.9083333333333333,-0.06666666666666668,6.415236600679037,0.6098915599002583,4.259745646300917,1.5455993944778608,z
0.9083333333333333,-0.05833333333333334,6.475267339761123,0.6622554322045192,4.23562104484792,1.5773908627086834,z
0.9083333333333333,-0.05,6.533385287764242,0.7153538680079806,4.201077083849933,1.6169543359063283,z
0.9083333333333333,-0.04166666666666667,6.5887966339022785,0.7690246050090676,4.155279816104911,1.6644922127883,z
0.9083333333333333,-0.03333333333333334,6.640664403705014,0.8231231134529445,4.097554408128404,1.7199868821236663,z
0.9083333333333333,-0.02500000000000001,6.6881532712607115,0.8775165907482737,4.0274251411918085,1.7832115393206298,z
0.9083333333333333,-0.016666666666666677,6.7304878578485585,0.9320798543533971,3.944652978670286,1.8537550248248755,z
0.9083333333333333,-0.008333333333333345,6.767017157064709,0.986692505310065,3.8492688953030925,1.9310557564515507,z
0.9083333333333333,0.0,6.79727754541867,1.0412369577316327,3.7416011673979415,2.014439420289095,z
0.9083333333333333,0.008333333333333331,6.821047732736876,1.0955970693861223,3.622294905923598,2.1031557574271544,z
0.9083333333333333,0.016666666666666663,6.8383904863920515,1.1496571972859448,3.4923222726046044,2.1964110165015027,z
0.9083333333333333,0.024999999999999994,6.849677554694236,1.2033015593384162,3.352982039861194,2.2933939554946265,z
0.9083333333333333,0.033333333333333326,6.855595623475091,1.2564138204319217,3.205887416540526,2.393294386502644,z
0.9083333333333333,0.04166666666666666,6.857132261498897,1.3088768460643927,3.052941332025319,2.4953140834091863,z
0.9083333333333333,0.04999999999999999,6.855541662990733,1.3605725832433242,2.8962986168734504,2.5986704628739585,z
0.9083333333333333,0.05833333333333332,6.8522906487470605,1.411382039710997,2.7383147131525885,2.702593895883475,z
0.9083333333333333,0.06666666666666665,6.848985928929435,1.4611853403633663,2.581480701956123,2.8063198866099457,z
0.9083333333333333,0.07499999999999998,6.847284185047558,1.5098618451884467,2.42834463912053,2.909077700738581,z
0.9083333333333333,0.08333333333333331,6.848787314651705,1.5572903169049417,2.281419672963929,3.0100773247828347,z
0.9083333333333333,0.09166666666666665,6.854926574169031,1.6033491292326345,2.1430805981915437,3.108496846744853,y
0.9083333333333333,0.1,6.86684186206945,1.647916508708375,2.0154529438687696,3.203472409492305,y
0.9166666666666667,-0.1,6.52454956560616,0.5157434278025306,4.313499796094752,1.695306341708877,z
0.9166666666666667,-0.09166666666666667,6.590795640409281,0.5704518885155102,4.307153742639395,1.7131900092543764,z
0.9166666666666667,-0.08333333333333334,6.65463536181937,0.626144729433406,4.2930338505852506,1.7354567818007132,z
0.9166666666666667,-0.07500000000000001,6.715392768817456,0.6826227917159747,4.270128112684029,1.7626418644174526,z
0.9166666666666667,-0.06666666666666668,6.772389087426714,0.7397211641919438,4.237478570632438,1.7951893526023326,z
0.9166666666666667,-0.05833333333333334,6.824944404994487,0.7972966662647367,4.194219404750256,1.8334283339794941,z
0.9166666666666667,-0.05,6.872392490457357,0.85521985720981,4.139616869319762,1.877555763927785,z
0.9166666666666667,-0.04166666666666667,6.914107305936862,0.9133698248783393,4.073109571012442,1.9276279100460807,z
0.9166666666666667,-0.03333333333333334,6.949539146237901,0.971630726471048,3.9943474016855434,1.9835610180813097,z
0.9166666666666667,-0.02500000000000001,6.978257387565616,1.029889462627034,3.90322731787512,2.045140607063463,z
0.9166666666666667,-0.016666666666666677,6.999995946444052,1.0880341031293848,3.7999241186320996,2.112037724682568,z
0.9166666666666667,-0.008333333333333345,7.01469701915282,1.145952823255252,3.6849144178306315,2.1838297780669365,z
0.9166666666666667,0.0,7.022548600837813,1.203533195253736,3.558992137846033,2.2600232677380436,z
0.9166666666666667,0.008333333333333331,7.024011643098154,1.2606617324710188,3.4232740622176525,2.3400758484094824,z
0.9166666666666667,0.016666666666666663,7.019833389476485,1.31722361724083,3.27919426011713,2.423415512118525,z
0.9166666666666667,0.024999999999999994,7.011044297894777,1.3731025653559163,3.1284865096754473,2.5094552228634135,z
0.9166666666666667,0.033333333333333326,6.998936902005992,1.4281807941999571,2.9731541661613488,2.5976019416446863,z
0.9166666666666667,0.04166666666666666,6.9850258951532265,1.4823390711513909,2.8154272072025064,2.6872596167993286,z
0.9166666666666667,0.04999999999999999,6.970989591110385,1.5354568253377787,2.6577064145653972,2.7778263512072097,z
0.9166666666666667,0.05833333333333332,6.9585937196970935,1.5874123102676798,2.502494834372503,2.868686575056911,z
0.9166666666666667,0.06666666666666665,6.949599324159728,1.6380828079657181,2.3523168962205867,2.9591996199734227,z
0.9166666666666667,0.07499999999999998,6.945657542596578,1.6873448674197797,2.2096261143555265,3.0486865608212717,z
0.9166666666666667,0.08333333333333331,6.94819565048131,1.7350745717034364,2.0767035716828453,3.1364175070950275,y
0.9166666666666667,0.09166666666666665,6.958301397625334,1.7811478292533427,1.9555519391489664,3.2216016292230245,y
0.9166666666666667,0.1,6.97661668052487,1.8254406855905672,1.847793938489554,3.3033820564447485,y
0.925,-0.1,6.837453313643358,0.640676314374636,4.297499125002929,1.8992778742657932,z
0.925,-0.09166666666666667,6.900018986170774,0.70078419868907,4.274865232524207,1.9243695549574962,z
0.925,-0.08333333333333334,6.957100584316069,0.7614228120757928,4.243205182759421,1.9524725894808557,z
0.925,-0.07500000000000001,7.008019883769863,0.8224657215905034,4.201669299592075,1.9838848625872847,z
0.925,-0.06666666666666668,7.05215191294133,0.8837962613930626,4.149513863740773,2.0188417878074945,z
0.925,-0.05833333333333334,7.088948476338691,0.9453032996998935,4.086139261417371,2.057505915221427,z
0.925,-0.05,7.117966970113053,1.0068784952453433,4.011127698173833,2.0999607766938775,z
0.925,-0.04166666666666667,7.138902760225413,1.0684144942213438,3.9242787669704446,2.146209499033625,z
0.925,-0.03333333333333334,7.151623002174202,1.1298037394035236,3.8256410819191813,2.196178180851497,z
0.925,-0.02500000000000001,7.156199352879964,1.19093768943614,3.715538196964591,2.249723466479234,z
0.925,-0.016666666666666677,7.152936693259438,1.2517063206259003,3.594587128130308,2.306643244503229,z
0.925,-0.008333333333333345,7.1423948379203,1.3119978286005636,3.46370798938478,2.3666890199349555,z
0.925,0.0,7.125400308263323,1.3716984750960806,3.3241235290251576,2.4295783041420855,z
0.925,0.008333333333333331,7.103045599079634,1.4306925428305268,3.1773477005254933,2.495005355723613,z
0.925,0.016666666666666663,7.076673954704885,1.4888623728710646,3.0251627944512056,2.562648787382615,z
0.925,0.024999999999999994,7.047848441451642,1.546088466443237,2.8695850630749336,2.632174911933471,z
0.925,0.033333333333333326,7.018304993629865,1.6022496381848543,2.712819149111444,2.7032362063335666,z
0.925,0.04166666666666666,6.989890049752482,1.6572232112819636,2.557201953215518,2.7754648852550003,z
0.925,0.04999999999999999,6.964484324950702,1.710885247291084,2.405136837897773,2.8484622397618446,z
0.925,0.05833333333333332,6.943915173285229,1.7631108051014333,2.259019327134757,2.9217850410490387,z
0.925,0.06666666666666665,6.929860961983707,1.813774224652778,2.1211558861775197,2.9949308511534087,y
0.925,0.07499999999999998,6.923752122859518,1.862749431849692,1.9936782528762902,3.0673244381335354,y
0.925,0.08333333333333331,6.926675373372072,1.9099102617042862,1.8784575184354337,3.138307593232352,y
0.925,0.09166666666666665,6.939290205313629,1.9551307971653527,1.7770249536416607,3.207134454506615,y
0.925,0.1,6.961769767569698,1.998285721400835,1.6905100841371554,3.2729739620317075,y
0.9333333333333333,-0.1,7.073550361182315,0.7812217551526968,4.217824250020396,2.0745043560092227,z
0.9333333333333333,-0.09166666666666667,7.123532748887784,0.8452256874910795,4.177166382848045,2.101140678548659,z
0.9333333333333333,-0.08333333333333334,7.165132169160488,0.9094763717468652,4.1266859640322,2.128969833381423,z
0.9333333333333333,-0.07500000000000001,7.197797584873958,0.9738703170165547,4.06579011694256,2.1581371509148424,z
0.9333333333333333,-0.06666666666666668,7.221102830568736,1.03830492398033,3.9940382013347455,2.1887597052536605,z
0.9333333333333333,-0.05833333333333334,7.234776469842082,1.1026771607766679,3.911175019507626,2.220924289557787,z
0.9333333333333333,-0.05,7.238731641897632,1.1668827103845942,3.817161131693497,2.254687799819541,z
0.9333333333333333,-0.04166666666666667,7.2330940260623855,1.2308154317601807,3.712198638041117,2.290079956261088,z
0.9333333333333333,-0.03333333333333334,7.218225871795621,1.2943670364830262,3.5967508499167735,2.3271079853958216,z
0.9333333333333333,-0.02500000000000001,7.194743925604292,1.357426918062172,3.471554431677275,2.365762575864845,z
0.9333333333333333,-0.016666666666666677,7.163529086454361,1.4198820926784212,3.337622845151465,2.4060241486244744,z
0.9333333333333333,-0.008333333333333345,7.125725779750384,1.4816172236793945,3.1962402656833193,2.4478682903876714,z
0.9333333333333333,0.0,7.082729385650131,1.542514710804748,3.048945545493755,2.4912691293516276,z
0.9333333333333333,0.008333333333333331,7.036160600805063,1.6024548307681903,2.8975062527166786,2.536199517320194,z
0.9333333333333333,0.016666666666666663,6.987826339421768,1.6613159195708838,2.743883278175683,2.582627141675202,z
0.9333333333333333,0.024999999999999994,6.9396676458594655,1.7189745894459643,2.590186933341512,2.6305061230719886,z
0.9333333333333333,0.033333333333333326,6.893696021404314,1.7753059750570281,2.438625814305432,2.6797642320418538,z
0.9333333333333333,0.04166666666666666,6.8519204632869055,1.8301840047634217,2.2914499377922244,2.730286520731259,z
0.9333333333333333,0.04999999999999999,6.816268275749897,1.8834816935939953,2.150889755813689,2.7818968263422117,z
0.9333333333333333,0.05833333333333332,6.788503288278075,1.9350714551532409,2.019092680310733,2.834339152814101,y
0.9333333333333333,0.06666666666666665,6.770145557580003,1.9848254300946664,1.8980588583720752,2.8872612691132606,y
0.9333333333333333,0.07499999999999998,6.696624687297859,1.9668433825147096,1.7895784117834348,2.9402028929997153,y
0.9333333333333333,0.08333333333333331,6.606254471234102,1.9184904383272015,1.6951735097061453,2.9925905232007555,y
0.9333333333333333,0.09166666666666665,6.530078758076183,1.8702878086951138,1.6160505822356932,3.043740367145376,y
0.9333333333333333,0.1,6.46849514012465,1.8225549906514702,1.5530701775142948,3.0928699719588857,z
0.9416666666666667,-0.1,7.199905164351644,0.9329545438034821,4.077921809824858,2.189028810723304,z
0.9416666666666667,-0.09166666666666667,7.229046600514968,0.9997061770391754,4.018786731439598,2.210553692036194,z
0.9416666666666667,-0.08333333333333334,7.2474358111626405,1.0664858167704256,3.949671505426084,2.231278488966131,z
0.9416666666666667,-0.07500000000000001,7.254776572360265,1.133193370187798,3.870308875688658,2.2512743264838084,z
0.9416666666666667,-0.06666666666666668,7.25095948364782,1.1997266961495678,3.7806136840989004,2.2706191033993526,z
0.9416666666666667,-0.05833333333333334,7.236089205336069,1.2659812492264968,3.6807068333182533,2.289401122791319,z
0.9416666666666667,-0.05,7.210508222006429,1.3318498856462826,3.570934530670198,2.3077238056899487,z
0.9416666666666667,-0.04166666666666667,7.1748153770652205,1.3972227848514904,3.4518815647880037,2.325711027425727,z
0.9416666666666667,-0.03333333333333334,7.129877419330263,1.4619874564695519,3.324377571911306,2.3435123909494058,z
0.9416666666666667,-0.02500000000000001,7.076831893187615,1.5260288124840595,3.1894955372302234,2.3613075434733326,z
0.9416666666666667,-0.016666666666666677,7.017079916631985,1.5892292907415648,3.048542138894394,2.379308486996027,z
0.9416666666666667,-0.008333333333333345,6.952267751053595,1.651469020038474,2.903039960001022,2.397758771014099,z
0.9416666666666667,0.0,6.884256588251786,1.712626019740782,2.754702038249575,2.416928530261428,z
0.9416666666666667,0.008333333333333331,6.815080660040392,1.7725764287010446,2.605399652384948,2.4371045789543992,z
0.9416666666666667,0.016666666666666663,6.7468945778463345,1.8311947594631253,2.457124602801941,2.458575215581268,z
0.9416666666666667,0.024999999999999994,6.681911652197232,1.8883541745844281,2.311947460367603,2.4816100172452007,z
0.9416666666666667,0.033333333333333326,6.622335692012008,1.943926782483059,2.1719732548341284,2.506435654694821,z
0.9416666666666667,0.04166666666666666,6.570289272878988,1.997783950617813,2.0392957875999107,2.5332095346612644,x
0.9416666666666667,0.04999999999999999,6.426876349382376,1.9489314402738827,1.9159511769295139,2.56199373217898,z
0.9416666666666667,0.05833333333333332,6.291514161337085,1.8949115962883147,1.8038705071020011,2.592732057946769,z
0.9416666666666667,0.06666666666666665,6.170464463998652,1.8404004565012517,1.7048309170800566,2.625233090417344,z
0.9416666666666667,0.07499999999999998,6.06524612269809,1.7856798284005961,1.620404755976461,2.659161538321033,z
0.9416666666666667,0.08333333333333331,5.977018567499367,1.7310708755064799,1.5519082565625566,2.69403943543033,z
0.9416666666666667,0.09166666666666665,5.906550480546587,1.6769381970292925,1.5003547342022294,2.7292575493150646,z
0.9416666666666667,0.1,5.854211471437894,1.6236938074922331,1.4664214523796415,2.7640962115660193,z
0.9500000000000001,-0.1,7.188789058398765,1.0920603140776945,3.8917062839247385,2.2050224603963327,z
0.9500000000000001,-0.09166666666666667,7.190944450728719,1.160552971771248,3.8151778830057284,2.2152135959517425,z
0.9500000000000001,-0.08333333333333334,7.180873179743749,1.2288759840600016,3.729219164343312,2.2227780313404346,z
0.9500000000000001,-0.07500000000000001,7.158611136762011,1.2969256421759356,3.6339066145669334,2.227778880019142,z
0.9500000000000001,-0.06666666666666668,7.124418561741399,1.3645954029036558,3.529505247737462,2.2303179111002804,z
0.9500000000000001,-0.05833333333333334,7.078800398147407,1.4317758626024137,3.416481635762991,2.2305428997820025,z
0.9500000000000001,-0.05,7.022521710290675,1.49835480036323,3.295511736034607,2.228655173892839,z
0.9500000000000001,-0.04166666666666667,6.956616860383404,1.5642172748459868,3.167482907789831,2.224916677747587,z
0.9500000000000001,-0.03333333333333334,6.8823912333846184,1.6292457641781082,3.0334898023095254,2.2196556668969856,z
0.9500000000000001,-0.02500000000000001,6.801414455830688,1.6933203414192675,2.8948241574763847,2.213269956935036,z
0.9500000000000001,-0.016666666666666677,6.715504293223342,1.7563188801463245,2.752958901098901,2.2062265119781164,z
0.9500000000000001,-0.008333333333333345,6.626700741463141,1.8181172860769914,2.6095273330556945,2.199056122330455,z
0.9500000000000001,0.0,6.537230255850504,1.8785897515692185,2.4662984590462327,2.1923420452350526,z
0.9500000000000001,0.008333333333333331,6.449460568865105,1.9376090304562736,2.3251497103737626,2.186701828035069,x
0.9500000000000001,0.016666666666666663,6.365847074220933,1.9950467311023043,2.188038199566518,2.18276214355211,x
0.9500000000000001,0.024999999999999994,6.186001916772685,1.9479033691393102,2.0569712043928723,2.1811273432405027,x
0.9500000000000001,0.033333333333333326,6.0058710291911215,1.8895519015247462,1.9339756270099857,2.182343500656389,x
0.9500000000000001,0.04166666666666666,5.838002176669713,1.8300766476121109,1.8210647208456745,2.1868608082119283,z
0.9500000000000001,0.04999999999999999,5.684896207915792,1.769699492204638,1.720198661931096,2.194998053780058,z
0.9500000000000001,0.05833333333333332,5.54882656108234,1.7086789800263393,1.6332343168023757,2.206913264253624,z
0.9500000000000001,0.06666666666666665,5.431760407364239,1.6473159241459618,1.5618602287517016,2.222584254466575,z
0.9500000000000001,0.07499999999999998,5.335278693626083,1.5859598850007275,1.507517083085669,2.241801725539687,z
0.9500000000000001,0.08333333333333331,5.260504671956103,1.5250165012263768,1.4713122709909239,2.2641758997388024,z
0.9500000000000001,0.09166666666666665,5.20805830978003,1.4649555101963827,1.4539469774107265,2.2891558221729205,z
0.9500000000000001,0.1,5.178056839558629,1.4063190464308972,1.4556789684268128,2.316058824700918,z
0.9583333333333334,-0.1,7.022802687820009,1.2549264230669728,3.6801482409117106,2.087728023841325,z
0.9583333333333334,-0.09166666666666667,6.995490501883401,1.3242043518147701,3.588545037835093,2.082741112233538,z
0.9583333333333334,-0.08333333333333334,6.9555577171421845,1.3931189761988025,3.4886244859928146,2.0738142549505674,z
0.9583333333333334,-0.07500000000000001,6.903361452850742,1.4615609756591241,3.3807539717173998,2.0610465054742177,z
0.9583333333333334,-0.06666666666666668,6.839489289634404,1.5294182027457748,3.2654719626579363,2.0445991242306936,z
0.9583333333333334,-0.05833333333333334,6.764772856247006,1.5965757815182493,3.1434920662482817,2.0247050084804763,z
0.9583333333333334,-0.05,6.6802974193320015,1.6629162461620624,3.015703095178059,2.00167807799188,z
0.9583333333333334,-0.04166666666666667,6.587406970853394,1.7283197131014938,2.883165287797151,1.9759219699547486,z
0.9583333333333334,-0.03333333333333334,6.487704413109694,1.7926640817113824,2.747103156528705,1.9479371748696064,z
0.9583333333333334,-0.02500000000000001,6.383046523211527,1.8558252599446814,2.608895770290248,1.9183254929765976,y
0.9583333333333334,-0.016666666666666677,6.275533409046743,1.917677412009287,2.4700655700304104,1.8877904270070465,y
0.9583333333333334,-0.008333333333333345,6.16749210977856,1.9780932257806287,2.332266989602869,1.8571318943950617,y
0.9583333333333334,0.0,5.9868699941920545,1.9623603986481704,2.1972760763256476,1.8272335192182372,y
0.9583333333333334,0.008333333333333331,5.767269941038796,1.9012472935542293,2.0669817739023477,1.7990408735822185,x
0.9583333333333334,0.016666666666666663,5.555367957864551,1.8384601573466757,1.9433782618841116,1.7735295386337635,x
0.9583333333333334,0.024999999999999994,5.354371949307832,1.7741536228134924,1.8285554251660672,1.7516629013282718,x
0.9583333333333334,0.033333333333333326,5.16753324956349,1.7085109874748519,1.7246810035880042,1.7343412585006335,z
0.9583333333333334,0.04166666666666666,4.998058952670745,1.6417492961028404,1.6339637389582182,1.7223459176096867,z
0.9583333333333334,0.04999999999999999,4.8489935966182705,1.5741256642981076,1.5585838229483477,1.7162841093718149,z
0.9583333333333334,0.05833333333333332,4.723066202127371,1.5059451494329155,1.5005791211910526,1.716541931503403,z
0.9583333333333334,0.06666666666666665,4.622510852028315,1.437570515261727,1.46168787382282,1.7232524629437678,z
0.9583333333333334,0.07499999999999998,4.548890311563177,1.3694342415105798,1.4431718332439254,1.7362842368086713,z
0.9583333333333334,0.08333333333333331,4.502973225241024,1.3020530499803646,1.4456684120573517,1.7552517632033073,z
0.9583333333333334,0.09166666666666665,4.48471718736872,1.2360449620081984,1.4691264529944263,1.7795457723660957,z
0.9583333333333334,0.1,4.493379629254585,1.1721483109848319,1.5128537388631405,1.8083775794066128,z
0.9666666666666667,-0.1,6.698116870067232,1.4179837594402565,3.462697097356346,1.81743601327063,z
0.9666666666666667,-0.09166666666666667,6.643247276964174,1.4871097051388178,3.358453365506064,1.7976842063192915,z
0.9666666666666667,-0.08333333333333334,6.576281699743738,1.5556773688882055,3.2471404521199356,1.7734638787355979,z
0.9666666666666667,-0.07500000000000001,6.497779274121547,1.6235718826056975,3.1292880691345535,1.7449193223812964,z
0.9666666666666667,-0.06666666666666668,6.408506093480397,1.6906758671975834,3.0055635064572956,1.7122667198255177,z
0.9666666666666667,-0.05833333333333334,6.309446583902248,1.7568695886791161,2.876772607509518,1.6758043877136135,z
0.9666666666666667,-0.05,6.20181465614877,1.8220311440968882,2.743859875573219,1.6359236364786625,y
0.9666666666666667,-0.04166666666666667,6.08706549160201,1.8860366732625784,2.6079088147909633,1.593120003548468,y
0.9666666666666667,-0.03333333333333334,5.96690904089118,1.9487605932126084,2.4701440278538773,1.5480044198246936,y
0.9666666666666667,-0.02500000000000001,5.823123656660195,1.9898731279861332,2.331936990461835,1.5013135382122271,y
0.9666666666666667,-0.016666666666666677,5.576351638933359,1.9276160314807163,2.194817682499435,1.4539179249532077,y
0.9666666666666667,-0.008333333333333345,5.330585724107188,1.8632655659183985,2.060494129730491,1.406826028458298,y
0.9666666666666667,0.0,5.088977898680725,1.796916203352076,1.9308809138450205,1.361180781483629,y
0.9666666666666667,0.008333333333333331,4.855061167996148,1.728681700909996,1.8081349841144627,1.3182444829716888,x
0.9666666666666667,0.016666666666666663,4.632756412352029,1.6586984166228134,1.6946913489464381,1.2793666467827771,x
0.9666666666666667,0.024999999999999994,4.426340255381676,1.5871295778328627,1.5932810615267106,1.2459296160221025,z
0.9666666666666667,0.033333333333333326,4.240339474614734,1.5141708383883523,1.5068995148138358,1.2192691214125453,z
0.9666666666666667,0.04166666666666666,4.079310275169802,1.440057587468651,1.438680031305328,1.200572656395823,z
0.9666666666666667,0.04999999999999999,3.947473805323753,1.36507464565403,1.3916319008814855,1.1907672587882374,z
0.9666666666666667,0.05833333333333332,3.8482325667647848,1.2895692131931573,1.3682462220381701,1.190417131533457,z
0.9666666666666667,0.06666666666666665,3.7836845558034766,1.2139682233914169,1.3700610571657224,1.1996552752463372,z
0.9666666666666667,0.07499999999999998,3.75432576229828,1.1388015738942479,1.3973566627298386,1.2181675256741935,z
0.9666666666666667,0.08333333333333331,3.7590964995502993,1.0647329559097631,1.4491307120421737,1.2452328315983625,z
0.9666666666666667,0.09166666666666665,3.7957697281712086,0.9925998861195856,1.5233627137686114,1.2798071282830115,z
0.9666666666666667,0.1,3.8615193661425167,0.9234633795201922,1.6174279305770318,1.3206280560452925,z
0.9750000000000001,-0.1,6.224606598213274,1.577672519087606,3.246428486246348,1.4005055928793197,z
0.9750000000000001,-0.09166666666666667,6.147945175348092,1.645722154470332,3.1304537406864035,1.371769280191356,z
0.9750000000000001,-0.08333333333333334,6.060126011717417,1.7130171548183695,3.0081742471416217,1.3389346097574253,z
0.9750000000000001,-0.07500000000000001,5.961709304192756,1.7794380567217667,2.880110949025174,1.3021602984458154,y
0.9750000000000001,-0.06666666666666668,5.853422459481043,1.844863333010462,2.7468895741967403,1.2616695522738404,y
0.9750000000000001,-0.05833333333333334,5.736177332124955,1.909169583960416,2.609247712853036,1.2177600353115032,y
0.9750000000000001,-0.05,5.611094034090201,1.9722317531615567,2.4680464085855998,1.1708158723430449,y
0.9750000000000001,-0.04166666666666667,5.411102634008339,1.9654912222685323,2.3242891050406977,1.1213223066991092,y
0.9750000000000001,-0.03333333333333334,5.150265400438692,1.9012298394516012,2.1791518527102243,1.0698837082768662,y
0.9750000000000001,-0.02500000000000001,4.885929084291619,1.8346536019409794,2.0340299541893203,1.0172455281613189,y
0.9750000000000001,-0.016666666666666677,4.620751851639648,1.7658241123718288,1.890607464388311,0.964320274879508,y
0.9750000000000001,-0.008333333333333345,4.357988808623225,1.6948163336800703,1.7509563044685887,0.9122161704745658,y
0.9750000000000001,0.0,4.1016534904539945,1.6217205914849964,1.6176688432847008,0.8622640556842975,x
0.9750000000000001,0.008333333333333331,3.8566937720842907,1.5466452043851764,1.4940161874252218,0.8160323802738921,x
0.9750000000000001,0.016666666666666663,3.6291251750422857,1.4697200062995608,1.384093813779946,0.775311354962779,z
0.9750000000000001,0.024999999999999994,3.4259936454875493,1.3911011527064996,1.2928544768253956,0.7420380159556542,z
0.9750000000000001,0.033333333333333326,3.2549548599289686,1.3109778008530164,1.2258440762296436,0.7181329828463087,z
0.9750000000000001,0.04166666666666666,3.1232587221040955,1.2295815659197789,1.188434366124988,0.7052427900593282,z
0.9750000000000001,0.04999999999999999,3.036205693702647,1.1472001517909247,1.1845681461524633,0.7044373957592591,z
0.9750000000000001,0.05833333333333332,2.995706317258124,1.0641973520186856,1.2155352874661736,0.715973677773265,z
0.9750000000000001,0.06666666666666665,2.9998626720879384,0.9810428944618771,1.2795812048483852,0.7392385727776764,z
0.9750000000000001,0.07499999999999998,3.043885718945491,0.8983576159583574,1.372628626067456,0.7728994769196776,z
0.9750000000000001,0.08333333333333331,3.1217075630601245,0.8169824507178048,1.489545171379375,0.8151799409629443,z
0.9750000000000001,0.09166666666666665,3.227426722100693,0.7380835107047757,1.6252039563679834,0.8641392550279337,z
0.9750000000000001,0.1,3.3562165834302364,0.6633078691797611,1.775032400715258,0.9178763135352168,z
0.9833333333333334,-0.1,5.62697187291395,1.7304667791834285,3.02119631929994,0.8753087744305812,z
0.9833333333333334,-0.09166666666666667,5.536941384043237,1.7965355349577,2.8920153052889224,0.8483905437966148,y
0.9833333333333334,-0.08333333333333334,5.436558326439028,1.8616542857815122,2.756351794729553,0.818552245927963,y
0.9833333333333334,-0.07500000000000001,5.326187805295705,1.9257003293715014,2.6145764210934903,0.7859110548307131,y
0.9833333333333334,-0.06666666666666668,5.206323396399556,1.9885494102861985,2.4671472973645088,0.7506266887488487,y
0.9833333333333334,-0.05833333333333334,4.976177097074742,1.9486376399835614,2.314630112345694,0.7129093447454865,y
0.9833333333333334,-0.05,4.714175884478131,1.8834153510781815,2.15772988292882,0.6730306504711289,y
0.9833333333333334,-0.04166666666666667,4.444428536193557,1.8157480534508987,1.9973412521343052,0.631339230608353,y
0.9833333333333334,-0.03333333333333334,4.168585154966618,1.745673250032718,1.8346286055607173,0.5882832993731836,y
0.9833333333333334,-0.02500000000000001,3.8888354750562026,1.6732370380366137,1.6711546283767813,0.5444438086428074,y
0.9833333333333334,-0.016666666666666677,3.608165515950834,1.5984948674871227,1.5090877105296387,0.5005829379340727,y
0.9833333333333334,-0.008333333333333345,3.330760587221146,1.5215125203072601,1.3515348882931213,0.4577131786207645,y
0.9833333333333334,0.0,3.0626145438699828,1.442367415569029,1.203058371836864,0.41718875646409015,y
0.9833333333333334,0.008333333333333331,2.8123481036796587,1.361150404220006,1.070392554340953,0.3808051451186998,z
0.9833333333333334,0.016666666666666663,2.591946046600709,1.2779683116953877,0.9631298970403348,0.35084783786498647,z
0.9833333333333334,0.024999999999999994,2.4163214112557854,1.19294764799458,0.8934230893535668,0.32995067390763894,z
0.9833333333333334,0.033333333333333326,2.2997589868540835,1.1062401865329838,0.8729376299312112,0.32058117038988854,z
0.9833333333333334,0.04166666666666666,2.249279941028845,1.0180316227178057,0.9070614929164585,0.3241868253945809,z
0.9833333333333334,0.04999999999999999,2.260628563098756,0.9285554806826415,0.9915361286881499,0.34053695372796483,z
0.9833333333333334,0.05833333333333332,2.321663888225883,0.838116312001536,1.1156813869602742,0.3678661892640729,z
0.9833333333333334,0.06666666666666665,2.4187914332063487,0.7471300729547605,1.2679990004350463,0.4036623598165418,z
0.9833333333333334,0.07499999999999998,2.5407628914957505,0.6561978199768432,1.4391454974423004,0.44541957407660693,z
0.9833333333333334,0.08333333333333331,2.6795383838553835,0.566247385914809,1.6222860781098032,0.49100491983077127,z
0.9833333333333334,0.09166666666666665,2.8300409474234103,0.4788203889711713,1.8125009084268071,0.5387196500254319,z
0.9833333333333334,0.1,2.990052249655998,0.3966765393237361,2.006144409748416,0.587231300583846,z
0.9916666666666667,-0.1,4.9604769336614005,1.8729264449650336,2.769026329740706,0.3185241589556608,y
0.9916666666666667,-0.09166666666666667,4.8668724623105835,1.936142017622724,2.6243018185814284,0.3064286261064309,y
0.9916666666666667,-0.08333333333333334,4.763399136473011,1.998216679958529,2.4721226800939182,0.29305977642056374,y
0.9916666666666667,-0.07500000000000001,4.530307643007461,1.9391781191637518,2.3126651861610426,0.2784643376826675,y
0.9916666666666667,-0.06666666666666668,4.282974689946382,1.8740843395750588,2.1461824590330765,0.26270789133824696,y
0.9916666666666667,-0.05833333333333334,4.025426908517653,1.806520445330958,1.9730285760614372,0.24587788712525696,y
0.9916666666666667,-0.05,3.7582973945240328,1.7365127385795973,1.7936966360825464,0.22808801986188926,y
0.9916666666666667,-0.04166666666666667,3.4824615143171367,1.664093940501044,1.6088825619559286,0.209485011860164,y
0.9916666666666667,-0.03333333333333334,3.1991626612729633,1.5893033633884528,1.4195996090929417,0.19025968879156901,y
0.9916666666666667,-0.02500000000000001,2.9102530390898735,1.5121870921513259,1.2274001243788668,0.17066582255968107,y
0.9916666666666667,-0.016666666666666677,2.6186934244619042,1.4327981862723909,1.034842083064258,0.15105315512525547,y
0.9916666666666667,-0.008333333333333345,2.329681202310272,1.351196919835039,0.8465582632756937,0.13192601919953945,y
0.9916666666666667,0.0,2.05337529448268,1.2674510882644938,0.6718794417239086,0.11404476449427756,x
0.9916666666666667,0.008333333333333331,1.8112307759517199,1.1816364295095938,0.5310149780676702,0.09857936837445587,z
0.9916666666666667,0.016666666666666663,1.6437570517046676,1.0938372416734743,0.4626805489015456,0.08723926112964764,z
0.9916666666666667,0.024999999999999994,1.588363724820653,1.0041473433496917,0.5021855718894609,0.08203080958150064,z
0.9916666666666667,0.033333333333333326,1.6287935654968235,0.9126716493590765,0.6319237954563861,0.0841981206813608,z
0.9916666666666667,0.04166666666666666,1.7231314524820973,0.8195288980472092,0.8104404513676133,0.09316210306727497,z
0.9916666666666667,0.04999999999999999,1.8438988991371115,0.7248566538764025,1.0120003432277178,0.10704190203299119,z
0.9916666666666667,0.05833333333333332,1.9770294218826494,0.628821131836488,1.2242813757220532,0.12392691432410824,z
0.9916666666666667,0.06666666666666665,2.115072484211124,0.5316382054537878,1.4410059922457323,0.1424282865116038,z
0.9916666666666667,0.07499999999999998,2.253733895397099,0.4336236139570146,1.6584751314594819,0.1616351499806025,z
0.9916666666666667,0.08333333333333331,2.3904515067344136,0.3353326913091514,1.8741697297281215,0.18094908569714088,z
0.9916666666666667,0.09166666666666665,2.5241712979307525,0.23804526803242274,2.0861667616732693,0.1999592682250604,z
0.9916666666666667,0.1,2.6573762139889014,0.14612805645068264,2.292880655875305,0.21836750166291374,z
1.0,-0.1,4.786045036566168,1.9982372291298256,2.4859512294464206,0.3018565779899227,y
1.0,-0.09166666666666667,4.545302675075926,1.936762392200593,2.3267442778187717,0.28179600505656116,y
1.0,-0.08333333333333334,4.2929138502823045,1.872876748284964,2.159426446376707,0.2606106556206339,y
1.0,-0.07500000000000001,4.029164620237942,1.806602399583901,1.9841565510848107,0.23840566956922998,y
1.0,-0.06666666666666668,3.754443807530299,1.7379683229888565,1.8011824009304924,0.21529308361095031,y
1.0,-0.05833333333333334,3.4692605493122897,1.667010744311958,1.61085962881642,0.19139017618391174,y
1.0,-0.05,3.1742725952907698,1.5937735856361142,1.4136804094895774,0.16681860016507838,y
1.0,-0.04166666666666667,2.870339997745865,1.5183090219641533,1.21032538392773,0.14170559185398202,y
1.0,-0.03333333333333334,2.558644820542882,1.4406782020436963,1.0017760088106478,0.11619060968853737,y
1.0,-0.02500000000000001,2.241007572706388,1.3609522182541165,0.7896072887711789,0.09044806568109234,y
1.0,-0.016666666666666677,1.9209199225898566,1.2792134598872973,0.5769365721075026,0.06476989059505671,y
1.0,-0.008333333333333345,1.608097962560206,1.1955575680314146,0.37257394158885737,0.03996645293993421,y
1.0,0.0,1.347823646113772,1.110096357258998,0.2171150434695851,0.020612245385189045,z
1.0,0.008333333333333331,1.2985321954347788,1.0229623365172744,0.24910173471196223,0.026468124205542322,z
1.0,0.016666666666666663,1.4149033903392367,0.9343159678357803,0.4312498219328985,0.04933760057055789,z
1.0,0.024999999999999994,1.5669581805665402,0.8443578067494552,0.6476098630769578,0.07499051074012751,z
1.0,0.033333333333333326,1.726835071756277,0.7533497750672528,0.8722208412757069,0.10126445541331756,z
1.0,0.04166666666666666,1.887724237770367,0.6616545121009946,1.098400226241416,0.1276694994279563,z
1.0,0.04999999999999999,2.047038525518948,0.5698129749352727,1.3232273104163632,0.1539982401673119,z
1.0,0.05833333333333332,2.203690306757488,0.4787094469174595,1.5448701067432167,0.18011075309681143,z
1.0,0.06666666666666665,2.3577619009976365,0.38995394564110647,1.7619280311173355,0.20587992423919438,z
1.0,0.07499999999999998,2.5112467909859433,0.3068468872250276,1.9732275410713767,0.23117236268953897,z
1.0,0.08333333333333331,2.6704569589006604,0.23686654882294955,2.1777498819896555,0.25584052808805546,z
1.0,0.09166666666666665,2.850498724991361,0.19617498857824855,2.3746040428102977,0.2797196936028148,z
1.0,0.1,3.0699731497336895,0.20432923689850965,2.563016230303425,0.30262768253175465,z
1.0083333333333333,-0.1,4.836732775693184,1.8792104567739631,2.201569217900378,0.7559531010188426,y
1.0083333333333333,-0.09166666666666667,4.553085559375644,1.8153398709721709,2.0375610278621514,0.7001846605413211,y
1.0083333333333333,-0.08333333333333334,4.258736506035118,1.7493011790265471,1.867431035880002,0.6420042911285684,y
1.0083333333333333,-0.07500000000000001,3.9549656060162546,1.681147961746251,1.6921342175573524,0.5816834267126507,y
1.0083333333333333,-0.06666666666666668,3.6435549774894933,1.610945456119708,1.5130460749343584,0.5195634464354266,y
1.0083333333333333,-0.05833333333333334,3.3270688183702606,1.538772247178469,1.3321904382322305,0.45610613295956143,y
1.0083333333333333,-0.05,3.009386105747848,1.4647225117949925,1.1526669979277784,0.39199659602507686,y
1.0083333333333333,-0.04166666666666667,2.6967612998883457,1.3889090570105775,0.979486233999833,0.3283660088779352,y
1.0083333333333333,-0.03333333333333334,2.3999622583745435,1.3114675191547909,0.8211889727853865,0.2673057664343659,y
1.0083333333333333,-0.02500000000000001,2.138184487774839,1.2325622867642376,0.6925383182987076,0.21308388271189377,y
1.0083333333333333,-0.016666666666666677,1.9431433087788643,1.1523950292267195,0.6162345624661199,0.17451371708602484,y
1.0083333333333333,-0.008333333333333345,1.8508750983449023,1.0712172395615036,0.6145096582129949,0.16514820057040366,y
1.0083333333333333,0.0,1.8688156681089148,0.9893490833568707,0.6886621027259909,0.19080448202605307,x
1.0083333333333333,0.008333333333333331,1.9663178826699086,0.9072083469174858,0.8177722046539245,0.24133733109849825,z
1.0083333333333333,0.016666666666666663,2.1092435135529377,0.8253558333701255,0.9789425856338522,0.30494509454896007,z
1.0083333333333333,0.024999999999999994,2.2764813754091144,0.7445678221721194,1.156901830034847,0.375011723202148,z
1.0083333333333333,0.033333333333333326,2.456874439799698,0.6659528239556817,1.3427069461057954,0.44821466973822105,z
1.0083333333333333,0.04166666666666666,2.6448869690030627,0.5911378438770396,1.5310523661377782,0.522696758988245,z
1.0083333333333333,0.04999999999999999,2.8383909062499204,0.5225492671883061,1.7186066363657535,0.5972350026958609,z
1.0083333333333333,0.05833333333333332,3.037809498390124,0.4637656108389342,1.9031532399601596,0.6708906475910302,z
1.0083333333333333,0.06666666666666665,3.2457272596369378,0.41971685456861746,2.083153425101982,0.7428569799663385,z
1.0083333333333333,0.07499999999999998,3.465972881325847,0.39606676310101646,2.2575149063353765,0.8123912118894541,z
1.0083333333333333,0.08333333333333331,3.7013043574492945,0.397058537870863,2.4254608839149125,0.8787849356635189,z
1.0083333333333333,0.09166666666666665,3.9507317841118854,0.42292943316381293,2.5864485979654575,0.9413537529826148,z
1.0083333333333333,0.1,4.20938134451767,0.4698316217182785,2.7401125994901485,0.9994371233092428,z
1.0166666666666668,-0.1,4.880850310370805,1.769498148538499,1.9733656025124209,1.137986559319885,y
1.0166666666666668,-0.09166666666666667,4.579393962898598,1.7053137367967495,1.8233951763100047,1.0506850497918432,y
1.0166666666666668,-0.08333333333333334,4.2749851291214185,1.6394097886794528,1.6740283718681679,0.9615469685737978,y
1.0166666666666668,-0.07500000000000001,3.9716742169457557,1.5719008655306457,1.5281655508873886,0.8716078005277217,y
1.0166666666666668,-0.06666666666666668,3.674978895008162,1.5029244952074876,1.389680809574511,0.7823735902261636,y
1.0166666666666668,-0.05833333333333334,3.392445268064993,1.4326459531783486,1.2636913609479694,0.696107953938675,y
1.0166666666666668,-0.05,3.1342635800515,1.3612645989854149,1.156721673895142,0.6162773071709432,y
1.0166666666666668,-0.04166666666666667,2.91357366445859,1.2890223606899918,1.0764251995197334,0.5481261042488647,y
1.0166666666666668,-0.03333333333333334,2.7455636612948924,1.2162151956805158,1.030349791060428,0.4989986745539486,y
1.0166666666666668,-0.02500000000000001,2.644057156497319,1.143208674087237,1.0236085074721588,0.4772399749379234,y
1.0166666666666668,-0.016666666666666677,2.615652161120867,1.0704592329976137,1.0566203214221568,0.4885726067010966,y
1.0166666666666668,-0.008333333333333345,2.65576787651912,0.998543087117419,1.1248589983816688,0.532365791020032,y
1.0166666666666668,0.0,2.7515214008309927,0.9281950642045996,1.2208813084433292,0.6024450281830637,x
1.0166666666666668,0.008333333333333331,2.8883346218583115,0.8603592233244832,1.3368291561930696,0.6911462423407583,z
1.0166666666666668,0.016666666666666663,3.05418170118399,0.7962507172454096,1.465929200412841,0.7920017835257396,z
1.0166666666666668,0.024999999999999994,3.2405797999769654,0.7374213257773478,1.6029218620400987,0.900236612159519,z
1.0166666666666668,0.033333333333333326,3.4421225351562943,0.6858052421938902,1.7439371136724868,1.0123801792899174,z
1.0166666666666668,0.04166666666666666,3.655713398405161,0.6436943023552498,1.8862124969298653,1.1258065991200457,z
1.0166666666666668,0.04999999999999999,3.8797952141402945,0.6135633464888964,2.027823220496387,1.2384086471550113,z
1.0166666666666668,0.05833333333333332,4.113546810833128,0.5976801436410597,2.1674677413107024,1.3483989258813656,z
1.0166666666666668,0.06666666666666665,4.3560566193362975,0.5975539628295803,2.3043056669845865,1.4541969895221305,z
1.0166666666666668,0.07499999999999998,4.605676280583821,0.613472613978286,2.4378341277372164,1.5543695388683183,z
1.0166666666666668,0.08333333333333331,4.859821041618544,0.6444284606136789,2.567789963749471,1.6476026172553944,z
1.0166666666666668,0.09166666666666665,5.115244338170277,0.6884824821156562,2.6940688658346175,1.7326929902200032,z
1.0166666666666668,0.1,5.368517205929944,0.7433102126354828,2.816656136078454,1.808550857216007,z
1.0250000000000001,-0.1,5.000649784001096,1.6774830919837043,1.8413070544638301,1.4818596375535615,y
1.0250000000000001,-0.09166666666666667,4.718695227971837,1.6156801865746908,1.721345283214003,1.381669758183143,y
1.0250000000000001,-0.08333333333333334,4.446934176003316,1.5528661704564268,1.610596794333361,1.2834712112135285,y
1.0250000000000001,-0.07500000000000001,4.1918693108473,1.4892507873298375,1.512777454880614,1.189841068636849,y
1.0250000000000001,-0.06666666666666668,3.9612139901948247,1.4250833212046354,1.4318781897538555,1.1042524792363337,y
1.0250000000000001,-0.05833333333333334,3.763649467771139,1.3606607250903944,1.3717742202541192,1.031214522426626,y
1.0250000000000001,-0.05,3.608121677694544,1.2963377296261156,1.3356190440183917,0.976164904050037,y
1.0250000000000001,-0.04166666666666667,3.5025378332416968,1.232539275512171,1.3251611439758777,0.9448374137536485,y
1.0250000000000001,-0.03333333333333334,3.4520125290430563,1.1697754937191849,1.3402743548871587,0.9419626804367127,y
1.0250000000000001,-0.02500000000000001,3.45736573325466,1.1086591159893533,1.3789710195584337,0.9697355977068731,y
1.0250000000000001,-0.016666666666666677,3.514879639281797,1.049924445828489,1.4379091041288228,1.027046089324485,y
1.0250000000000001,-0.008333333333333345,3.617626282407814,0.9944455797655041,1.513129271133991,1.1100514315083194,y
1.0250000000000001,0.0,3.757500705729095,0.9432491300520427,1.600711054301148,1.2135405213759045,y
1.0250000000000001,0.008333333333333331,3.9268464745067098,0.8975131611668938,1.697189510281547,1.332143803058269,x
1.0250000000000001,0.016666666666666663,4.119248349129478,0.8585401149690849,1.7997363193762157,1.4609719147841775,z
1.0250000000000001,0.024999999999999994,4.329662628996283,0.8276896169333079,1.9061814263276073,1.5957915857353677,z
1.0250000000000001,0.033333333333333326,4.554188640616817,0.8062619343500514,2.0149508372832736,1.7329758689834918,z
1.0250000000000001,0.04166666666666666,4.7896995882052105,0.7953392958329288,2.124970498051698,1.8693897943205833,z
1.0250000000000001,0.04999999999999999,5.033464511819021,0.7956184850009574,2.235562456004982,2.0022835708130815,z
1.0250000000000001,0.05833333333333332,5.282848681294581,0.807289077886798,2.3463446999674993,2.129214903440284,z
1.0250000000000001,0.06666666666666665,5.535145406877048,0.8300057975465854,2.4571386342628556,2.248000975067607,z
1.0250000000000001,0.07499999999999998,5.787544923752545,0.862965680129447,2.5678850895006993,2.3566941541223994,z
1.0250000000000001,0.08333333333333331,6.037199146479933,0.9050555949479246,2.678568905557948,2.4535746459740606,z
1.0250000000000001,0.09166666666666665,6.281321410117368,0.9550150211920041,2.7891521998753346,2.537154189050029,z
1.0250000000000001,0.1,6.5172732354284735,1.01157033373627,2.899516847343457,2.6061860543487465,z
1.0333333333333334,-0.1,5.266862940788777,1.612017093052807,1.791585007887039,1.8632608398489312,y
1.0333333333333334,-0.09166666666666667,5.032160394182359,1.5557180990102606,1.7024731636468782,1.7739691315252202,y
1.0333333333333334,-0.08333333333333334,4.819562090950331,1.4993596420897783,1.6283356146246686,1.6918668342358836,y
1.0333333333333334,-0.07500000000000001,4.635482715355545,1.443259627990869,1.5717580291232731,1.6204650582414029,y
1.0333333333333334,-0.06666666666666668,4.486314508923553,1.3877865169214316,1.5347222141952563,1.5638057778068652,y
1.0333333333333334,-0.05833333333333334,4.377806173087649,1.3333662821232815,1.5182887959655047,1.5261510949988626,y
1.0333333333333334,-0.05,4.314323595138385,1.2804894086443872,1.5224046130494464,1.511429573444551,y
1.0333333333333334,-0.04166666666666667,4.298163347316514,1.229717113333204,1.5459237501604979,1.5225224838228124,y
1.0333333333333334,-0.03333333333333334,4.3291577610333185,1.1816854242668076,1.5868452735113738,1.560627063255137,y
1.0333333333333334,-0.02500000000000001,4.404761360469379,1.1371050586872498,1.6426784477992071,1.6249778539829225,y
1.0333333333333334,-0.016666666666666677,4.520608714516518,1.0967542857041863,1.710812218432283,1.713042210380049,y
1.0333333333333334,-0.008333333333333345,4.671311108633598,1.0614614279524457,1.7887990233041797,1.821050657376973,y
1.0333333333333334,0.0,4.851195374391578,1.0320738496409072,1.8745220662111561,1.9445994585395145,x
1.0333333333333334,0.008333333333333331,5.054801208229788,1.009411865679271,1.9662595383135977,2.0791298042369197,x
1.0333333333333334,0.016666666666666663,5.277110883909922,0.9942094820203081,2.062677061502913,2.2202243403867006,x
1.0333333333333334,0.024999999999999994,5.513581014111203,0.9870489178917258,2.1627788888193233,2.3637532074001535,x
1.0333333333333334,0.033333333333333326,5.760068965999563,0.988300747082775,2.265840375757231,2.505927843159557,z
1.0333333333333334,0.04166666666666666,6.0127299773832945,0.998083411534126,2.3713357727358635,2.6433107931133044,z
1.0333333333333334,0.04999999999999999,6.267932729478302,1.0162525829618458,2.4788689432940267,2.7728112032224295,z
1.0333333333333334,0.05833333333333332,6.522213945138187,1.0424228703680516,2.5881103947106143,2.8916806800595207,z
1.0333333333333334,0.06666666666666665,6.772271757241042,1.0760152734461572,2.6987415448575627,2.9975149389373223,z
1.0333333333333334,0.07499999999999998,7.014985633173851,1.1163179074280676,2.810405958510019,3.088261767235765,z
1.0333333333333334,0.08333333333333331,7.247447540560053,1.1625469512931808,2.922667022128299,3.1622335671385726,z
1.0333333333333334,0.09166666666666665,7.466992189727749,1.2138983880629735,3.0349719286612786,3.2181218730034966,z
1.0333333333333334,0.1,7.671219885170977,1.2695861720765516,3.14662266425009,3.255011048844336,z
1.0416666666666667,-0.1,5.722908894432677,1.5808352033417281,1.8178163898627226,2.3242573012282257,y
1.0416666666666667,-0.09166666666666667,5.550161206268825,1.5330777258570096,1.7571201006149,2.259963379796916,y
1.0416666666666667,-0.08333333333333334,5.40748090674551,1.486306751528322,1.7149240758722668,2.206250079344921,y
1.0416666666666667,-0.07500000000000001,5.299731591800638,1.4409096815342939,1.6923929407641793,2.1664289695021646,y
1.0416666666666667,-0.06666666666666668,5.230930829062446,1.3973159077233581,1.689844542779569,2.143770378559519,y
1.0416666666666667,-0.05833333333333334,5.203845005144882,1.355996479961394,1.7067243266188363,2.141124198564652,y
1.0416666666666667,-0.05,5.21969069819055,1.317461258323398,1.7417260638282892,2.1605033760388626,y
1.0416666666666667,-0.04166666666666667,5.278007008652757,1.2822525632280701,1.7930193246754473,2.2027351207492396,y
1.0416666666666667,-0.03333333333333334,5.376729201553779,1.2509343199877951,1.8585106493831596,2.2672842321828237,y
1.0416666666666667,-0.02500000000000001,5.51244317284579,1.2240759104835723,1.9360705494620432,2.352296712900175,y
1.0416666666666667,-0.016666666666666677,5.680750205526916,1.2022305045222892,2.02368940864625,2.454830292358377,y
1.0416666666666667,-0.008333333333333345,5.87664968570673,1.1859085998978867,2.1195581906404706,2.5711828951683726,y
1.0416666666666667,0.0,6.09486511493254,1.1755487649117207,2.2220899601896997,2.69722638983112,y
1.0416666666666667,0.008333333333333331,6.330079535365234,1.1714888560090224,2.32990424935597,2.8286864300002423,x
1.0416666666666667,0.016666666666666663,6.577084458225237,1.173941804866842,2.4417935393661065,2.9613491139922874,x
1.0416666666666667,0.024999999999999994,6.830866867569027,1.182979959565795,2.556685060097967,3.091201847905265,x
1.0416666666666667,0.033333333333333326,7.0866619948292815,1.1985307198188895,2.6736050420775745,3.214526232932817,x
1.0416666666666667,0.04166666666666666,7.339992581745419,1.2203840939714587,2.7916478662416733,3.3279606215322866,x
1.0416666666666667,0.04999999999999999,7.5867055085065935,1.2482105071199998,2.9099495593367406,3.428545442049853,z
1.0416666666666667,0.05833333333333332,7.8230084348254945,1.2815854743793873,3.0276636594284714,3.5137593010176356,z
1.0416666666666667,0.06666666666666665,8.045504248826036,1.3200170935155895,3.1439373659906225,3.581549789319824,z
1.0416666666666667,0.07499999999999998,8.251219599313835,1.3629727018309632,3.2578867776237024,3.6303601198591684,z
1.0416666666666667,0.08333333333333331,8.437624648828137,1.4099021075244664,3.36857155007869,3.6591509912249807,z
1.0416666666666667,0.09166666666666665,8.602643232120379,1.4602560607726138,3.474971081768428,3.6674160895793366,z
1.0416666666666667,0.1,8.74465479506257,1.5134997034363922,3.57596594349647,3.6551891481297076,z
1.05,-0.1,6.438826485257973,1.5884813022225235,2.0094834469224576,2.8408617361129926,y
1.05,-0.09166666666666667,6.340974575940898,1.5514781706731577,1.986227617114615,2.8032687881531246,y
1.05,-0.08333333333333334,6.2765382789552655,1.5163498608652097,1.9827434966344735,2.777444921455582,y
1.05,-0.07500000000000001,6.248171013353817,1.483471184426001,1.9987695684070192,2.7659302605207974,y
1.05,-0.06666666666666668,6.257461939059304,1.4532332104158827,2.0333944623798232,2.7708342662635985,y
1.05,-0.05833333333333334,6.304789711867473,1.4260364197003426,2.0851904793304388,2.7935628128366923,y
1.05,-0.05,6.389262537579536,1.4022815613083157,2.152382996516965,2.834597979754255,y
1.05,-0.04166666666666667,6.508751583905653,1.3823582317327938,2.233013957110053,2.893379395062806,y
1.05,-0.03333333333333334,6.660014046756441,1.3666315106092077,2.325071012996088,2.9683115231511454,y
1.05,-0.02500000000000001,6.838887504642335,1.3554273680988116,2.426572595528587,3.056887541014936,y
1.05,-0.016666666666666677,7.040525151582084,1.349017944054682,2.5356137842188673,3.1558934233085356,y
1.05,-0.008333333333333345,7.259639044403001,1.3476080873124765,2.6503847669518104,3.2616461901387144,y
1.05,0.0,7.490726097987617,1.35132462827,2.7691741432478243,3.370227326469793,x
1.05,0.008333333333333331,7.728263693593219,1.360209665928677,2.890366226831347,3.4776878008331957,x
1.05,0.016666666666666663,7.966872251246865,1.3742186823326556,3.012437388390013,3.5802161805241957,x
1.05,0.024999999999999994,8.201447935866893,1.3932236431336023,3.133952862897351,3.6742714298359402,x
1.05,0.033333333333333326,8.427270123230079,1.4170205589140281,3.2535629907354373,3.756686573580614,x
1.05,0.04166666666666666,8.640087237257585,1.445340433474223,3.3699967136480247,3.824750090135337,x
1.05,0.04999999999999999,8.836182966032899,1.4778622268493877,3.4820501911533386,3.8762705480301722,x
1.05,0.05833333333333332,9.012423820875217,1.5142264411433686,3.588569402528918,3.9096279772029296,x
1.05,0.06666666666666665,9.1662888902264,1.5540481448729475,3.6884272463407926,3.9238134990126614,x
1.05,0.07499999999999998,9.295883279023503,1.5969285894994731,3.7804975863807115,3.9184571031433184,z
1.05,0.08333333333333331,9.399937653759897,1.6424649395035362,3.8636305322557716,3.8938421820005904,z
1.05,0.09166666666666665,9.477797004701829,1.6902579597760818,3.9366346047749765,3.850904440150771,z
1.05,0.1,9.529401749906011,1.739917742500711,3.9982720060657595,3.7912120013395416,z
1.0583333333333333,-0.1,7.4451084727124925,1.6347585328799956,2.4609011738581854,3.3494487659743113,y
1.0583333333333333,-0.09166666666666667,7.42151656844103,1.6093223042104428,2.4779451513116952,3.3342491129188914,y
1.0583333333333333,-0.08333333333333334,7.427705227028632,1.5862838613656394,2.5111404339321997,3.3302809317307926,y
1.0583333333333333,-0.07500000000000001,7.464289937171762,1.56593325969349,2.5593932209852106,3.3389634564930617,y
1.0583333333333333,-0.06666666666666668,7.530987915526529,1.548552376780279,2.6213406411248026,3.361094897621447,y
1.0583333333333333,-0.05833333333333334,7.626554485710596,1.5344075493972782,2.6954261482652613,3.3967207880480563,y
1.0583333333333333,-0.05,7.748777080475156,1.5237416593395379,2.7799632073734157,3.4450722137622023,y
1.0583333333333333,-0.04166666666666667,7.894534984097039,1.5167660971505306,2.8731845300427845,3.5045843569037234,y
1.0583333333333333,-0.03333333333333334,8.059921582605247,1.5136531356956626,2.9732787033663377,3.572989743543246,y
1.0583333333333333,-0.02500000000000001,8.240415195545467,1.5145292947541347,3.078418282429791,3.647467618361541,y
1.0583333333333333,-0.016666666666666677,8.43107860670402,1.5194702515448566,3.186783439968864,3.7248249151902995,y
1.0583333333333333,-0.008333333333333345,8.626767253345168,1.5284977421864223,3.296583874332936,3.8016856368258103,y
1.0583333333333333,0.0,8.822329959908899,1.541578716173349,3.406079759906262,3.874671483829288,y
1.0583333333333333,0.008333333333333331,9.012791433440416,1.5586267792179462,3.51360078173291,3.9405638724895606,x
1.0583333333333333,0.016666666666666663,9.19351045381517,1.5795057300868938,3.6175611555678295,3.996443568160447,x
1.0583333333333333,0.024999999999999994,9.360310992712076,1.604034805549886,3.716468185402819,4.03980800175937,x
1.0583333333333333,0.033333333333333326,9.509585509238441,1.6319951245130093,3.808922368444325,4.068668016281106,x
1.0583333333333333,0.04166666666666666,9.638370890343058,1.6631367801427601,3.8936082165371744,4.081625893663124,x
1.0583333333333333,0.04999999999999999,9.744398359401108,1.6971860610881608,3.9692766260061836,4.077935672306764,x
1.0583333333333333,0.05833333333333332,9.82611934029023,1.7338523700651256,4.034721524882149,4.057545445342955,x
1.0583333333333333,0.06666666666666665,9.882709652024143,1.772834524583524,4.0887553358168125,4.021119791623806,x
1.0583333333333333,0.07499999999999998,9.914054282539787,1.813826246426942,4.130189177690128,3.970038858422718,x
1.0583333333333333,0.08333333333333331,9.92071412277221,1.8565207557105878,4.157824392008779,3.906368975052844,x
1.0583333333333333,0.09166666666666665,9.90387441829861,1.9006144717471674,4.170461730242865,3.8327982163085768,z
1.0583333333333333,0.1,9.865272726551023,1.9458098833137818,4.166933345624206,3.7525294976130352,z
1.0666666666666669,-0.1,8.582773242608297,1.7147400575866552,3.085975372740025,3.782057812281617,y
1.0666666666666669,-0.09166666666666667,8.606249410002974,1.7002324635490047,3.1238856111459072,3.782131335308062,y
1.0666666666666669,-0.08333333333333334,8.650587326778904,1.6882373830708186,3.1713404345812632,3.7910095091268223,y
1.0666666666666669,-0.07500000000000001,8.715071218828752,1.678936224870921,3.2272554317449327,3.8088795622128986,y
1.0666666666666669,-0.06666666666666668,8.798275364892943,1.6724907084425609,3.2904447463702926,3.8353399100800885,y
1.0666666666666669,-0.05833333333333334,8.898056164698804,1.669038388379788,3.359628048997104,3.869389727321912,y
1.0666666666666669,-0.05,9.011597317121893,1.6686885852943896,3.4334385268227545,3.9094702050047494,y
1.0666666666666669,-0.04166666666666667,9.135505968216261,1.6715189691970689,3.5104349070234444,3.953552091995748,y
1.0666666666666669,-0.03333333333333334,9.26595049458149,1.6775730131547222,3.5891190663195696,3.999258415107198,y
1.0666666666666669,-0.02500000000000001,9.398826190081152,1.6868584809725005,3.667959010158172,4.044008698950479,y
1.0666666666666669,-0.016666666666666677,9.529933885222128,1.6993470381280167,3.7454153579692515,4.085171489124861,y
1.0666666666666669,-0.008333333333333345,9.655157770919779,1.714974989807375,3.819968276727192,4.1202145043852125,y
1.0666666666666669,0.0,9.770631320062298,1.7336450654329765,3.890141263144918,4.146844991484404,x
1.0666666666666669,0.008333333333333331,9.872883220329697,1.7552290969621662,3.9545183583268186,4.163135765040713,x
1.0666666666666669,0.016666666666666663,9.958958036020965,1.7795713871783398,4.011752254506117,4.167634394336508,x
1.0666666666666669,0.024999999999999994,10.026508629370573,1.8064925386135129,4.060562203117048,4.159453887640012,x
1.0666666666666669,0.033333333333333326,10.073859099289004,1.8357935134146737,4.0997224675425175,4.138343118331813,x
1.0666666666666669,0.04166666666666666,10.100038079137297,1.8672597153124166,4.12804403335083,4.1047343304740505,x
1.0666666666666669,0.04999999999999999,10.104782590435356,1.9006649204142119,4.144354101930768,4.059763568090378,x
1.0666666666666669,0.05833333333333332,10.08851221578879,1.9357749266782946,4.147479248087828,4.005258041022666,x
1.0666666666666669,0.06666666666666665,10.052272252900352,1.9723508361767736,4.136238756701014,3.9436826600225645,x
1.0666666666666669,0.07499999999999998,9.977287633245451,1.9897962808927059,4.109454408441873,3.8780369439108724,x
1.0666666666666669,0.08333333333333331,9.827510270464636,1.9498340222811017,4.065981857987922,3.811694390195611,z
1.0666666666666669,0.09166666666666665,9.660376700594503,1.907428959822826,4.004766924530446,3.748180816241231,z
1.0666666666666669,0.1,9.4784587019832,1.8626330861220803,3.9249279514027804,3.6908976644583396,z
1.0750000000000002,-0.1,9.559487857860733,1.820288486068281,3.658611086700488,4.080588285091963,y
1.0750000000000002,-0.09166666666666667,9.588605018574839,1.8150389777603169,3.6884891114685185,4.0850769293460045,y
1.0750000000000002,-0.08333333333333334,9.627609881934543,1.8121047684266345,3.7213795415097546,4.094125571998153,y
1.0750000000000002,-0.07500000000000001,9.675105410652993,1.8115743941825875,3.756506425263469,4.107024591206937,y
1.0750000000000002,-0.06666666666666668,9.729243650463047,1.8135160089141424,3.793037786201224,4.122689855347682,y
1.0750000000000002,-0.05833333333333334,9.787775453618256,1.81797556045856,3.830080207186673,4.139719685973022,y
1.0750000000000002,-0.05,9.848134494114149,1.8249754617828469,3.8666809171566956,4.156478115174606,y
1.0750000000000002,-0.04166666666666667,9.907548836089578,1.8345138202671614,3.9018373005727836,4.171197715249633,y
1.0750000000000002,-0.03333333333333334,9.963170801713096,1.8465642566709652,3.9345121295900705,4.18209441545206,y
1.0750000000000002,-0.02500000000000001,10.01221483350231,1.8610763111136726,3.963651573669747,4.187486948718891,y
1.0750000000000002,-0.016666666666666677,10.052093253494712,1.8779764000934915,3.988202396335694,4.185914457065527,y
1.0750000000000002,-0.008333333333333345,10.080540913299682,1.8971692596456953,4.007124822644636,4.17624683100935,y
1.0750000000000002,0.0,10.095721294263322,1.9185397878954196,4.019398356233391,4.157783150134511,y
1.0750000000000002,0.008333333333333331,10.096308282008714,1.941955187049693,4.024019234160472,4.130333860798547,x
1.0750000000000002,0.016666666666666663,10.081539290008333,1.967267300602994,4.019990029472761,4.094281959932578,x
1.0750000000000002,0.024999999999999994,10.051236401183822,1.994315045374305,4.006303871214006,4.05061748459551,x
1.0750000000000002,0.033333333333333326,9.959673035792278,1.9768072658800602,3.9819275327674504,4.000938237144768,x
1.0750000000000002,0.04166666666666666,9.838835246612257,1.9456379685042757,3.9457889261952896,3.9474083519126926,x
1.0750000000000002,0.04999999999999999,9.70162614504284,1.9121852293297648,3.8967750749917607,3.8926658407213144,z
1.0750000000000002,0.05833333333333332,9.54989893616147,1.8764807610488266,3.83374628455531,3.8396718905573337,z
1.0750000000000002,0.06666666666666665,9.385635037833039,1.8385640475642473,3.7555710280929326,3.791499962175859,z
1.0750000000000002,0.07499999999999998,9.210739820609657,1.798482730399048,3.661184254954751,3.751072835255857,z
1.0750000000000002,0.08333333333333331,9.026833157961299,1.7562930571181776,3.5496698339294337,3.7208702669136877,z
1.0750000000000002,0.09166666666666665,8.835072203274198,1.712060410416125,3.4203662324926962,3.7026455603653763,z
1.0750000000000002,0.1,8.636053596477497,1.6658599418416746,3.272993964319314,3.6971996903165087,z
1.0833333333333335,-0.1,10.096120947130142,1.9420224684534966,3.9569551512622567,4.1971433274143894,y
1.0833333333333335,-0.09166666666666667,10.09004414905326,1.943872664810874,3.955042414914302,4.191129069328084,y
1.0833333333333335,-0.08333333333333334,10.083779859360568,1.9476645910535642,3.951382911899663,4.184732356407341,y
1.0833333333333335,-0.07500000000000001,10.076080444629447,1.9534230510589659,3.9456074078263756,4.177049985744105,y
1.0833333333333335,-0.06666666666666668,10.065568716681355,1.9611563946929846,3.9373259486495815,4.1670863733387895,y
1.0833333333333335,-0.05833333333333334,10.050807414729611,1.9708561130464515,3.9261254409845017,4.153825860698658,y
1.0833333333333335,-0.05,10.030381833607844,1.9824967566939087,3.9115711100766535,4.136313966837283,y
1.0833333333333335,-0.04166666666666667,10.002989227435961,1.99603617415271,3.893209767949128,4.113743285334124,y
1.0833333333333335,-0.03333333333333334,9.944630192215447,1.9885184078696174,3.8705722923969628,4.085539491948867,y
1.0833333333333335,-0.02500000000000001,9.86563885109558,1.9710233910803188,3.843172751163774,4.0514427088514875,y
1.0833333333333335,-0.016666666666666677,9.773542652259104,1.951461298894814,3.8105022623339795,4.0115790910303115,y
1.0833333333333335,-0.008333333333333345,9.668362100732526,1.9298283572936634,3.7720169100633263,3.9665168333755374,y
1.0833333333333335,0.0,9.550547389672259,1.9061268997825946,3.7271206689749548,3.9172998209147094,x
1.0833333333333335,0.008333333333333331,9.420962702110433,1.8803656243706302,3.6751460658068944,3.865451011932908,x
1.0833333333333335,0.016666666666666663,9.280833538039504,1.852559866394823,3.6153368936945003,3.81293677795018,z
1.0833333333333335,0.024999999999999994,9.131653867372533,1.822731892523944,3.5468383571864637,3.7620836176621255,z
1.0833333333333335,0.033333333333333326,8.975052601306363,1.7909112226005022,3.468700299451426,3.715441079254434,z
1.0833333333333335,0.04166666666666666,8.812624166237882,1.7571349876331412,3.3798985319095816,3.6755906466951584,z
1.0833333333333335,0.04999999999999999,8.6457366400192,1.7214483343154279,3.279377845505266,3.6449104601985063,z
1.0833333333333335,0.05833333333333332,8.475342289338169,1.6839048890332837,3.166118355996915,3.6253190443079704,z
1.0833333333333335,0.06666666666666665,8.301826355733256,1.6445672975697934,3.039224949528775,3.618034108634687,z
1.0833333333333335,0.07499999999999998,8.124935513199173,1.6035078607978666,2.8980384283937908,3.6233892240075147,z
1.0833333333333335,0.08333333333333331,7.94382310293369,1.5608092917829628,2.7422673186241946,3.640746492526532,z
1.0833333333333335,0.09166666666666665,7.757234038770975,1.516565626159639,2.5721422031043173,3.668526209507019,z
1.0833333333333335,0.1,7.563834843807346,1.4708833256997254,2.388601353659403,3.7043501644482175,z
1.0916666666666668,-0.1,9.878233854002294,1.9266120446867878,3.856084889906,4.095536919409507,y
1.0916666666666668,-0.09166666666666667,9.795803158781798,1.9193669177104546,3.813184406833401,4.063251834237941,y
1.0916666666666668,-0.08333333333333334,9.70382257783988,1.91043397246706,3.7666040270057612,4.026784578367059,y
1.0916666666666668,-0.07500000000000001,9.602012542466182,1.8997841635598032,3.7164384061632214,3.9857899727431576,y
1.0916666666666668,-0.06666666666666668,9.490258528932568,1.8873931162661448,3.6627915086858236,3.940073903980599,y
1.0916666666666668,-0.05833333333333334,9.36866041231615,1.8732413643886396,3.6057687860322,3.8896502618953086,y
1.0916666666666668,-0.05,9.237577260170568,1.8573145910307882,3.545466515392062,3.834796153747718,y
1.0916666666666668,-0.04166666666666667,9.09766181027549,1.839603874003747,3.481956711206329,3.776101225065413,y
1.0916666666666668,-0.03333333333333334,8.949878520196567,1.8201059380017357,3.415266807882862,3.7145057743119687,y
1.0916666666666668,-0.02500000000000001,8.79549899734903,1.7988234162025856,3.345354588976993,3.651320992169451,z
1.0916666666666668,-0.016666666666666677,8.636068865104441,1.775765124573852,3.2720804543511073,3.5882232861794825,z
1.0916666666666668,-0.008333333333333345,8.47334090252356,1.7509463529149192,3.1951808041892424,3.527213745419399,z
1.0916666666666668,0.0,8.309171113342188,1.7243891775693356,3.1142477265750763,3.470534209197777,z
1.0916666666666668,0.008333333333333331,8.145378065570455,1.6961228018299541,3.0287209435465567,3.4205343201939447,z
1.0916666666666668,0.016666666666666663,7.983572310558873,1.666183931370213,2.9378978339167405,3.3794905452719197,z
1.0916666666666668,0.024999999999999994,7.824972221200849,1.6346171936112266,2.8409662478246775,3.349388779764945,z
1.0916666666666668,0.033333333333333326,7.670233782086772,1.6014756118251416,2.737062971704632,3.3316951985569982,z
1.0916666666666668,0.04166666666666666,7.519331007955799,1.5668211470330375,2.6253585852315022,3.3271512756912593,z
1.0916666666666668,0.04999999999999999,7.371525712611658,1.5307253234318332,2.5051677745257224,3.335632614654102,z
1.0916666666666668,0.05833333333333332,7.225456927615937,1.4932699562222906,2.376083733111151,3.3561032382824965,z
1.0916666666666668,0.06666666666666665,7.079363089507771,1.4545480043260155,2.2381369209089916,3.386678164272764,z
1.0916666666666668,0.07499999999999998,6.93143163942851,1.4146645745386632,2.0919829773040473,3.4247840875857993,z
1.0916666666666668,0.08333333333333331,6.7802604934981865,1.3737381080328175,1.9391326882827145,3.467389697182654,z
1.0916666666666668,0.09166666666666665,6.625419624923886,1.3319017844830452,1.7822483899763317,3.511269450464509,z
1.0916666666666668,0.1,6.4681144331367495,1.2893051828147264,1.6255416393416087,3.553267610980415,z
1.1,-0.1,8.91854776569944,1.7796090770856687,3.3784150813432126,3.760523607270558,y
1.1,-0.09166666666666667,8.763869457579952,1.7678023402340999,3.304995025524345,3.6910720918215065,y
1.1,-0.08333333333333334,8.600017706450544,1.7545272893167632,3.229161515854859,3.61632890127892,y
1.1,-0.07500000000000001,8.42820825519755,1.7397722576138654,3.151413960977023,3.537022036606661,y
1.1,-0.06666666666666668,8.249966026621447,1.7235307887112528,3.072250360735854,3.454184877174339,z
1.1,-0.05833333333333334,8.067124121101248,1.705801905017342,2.99214232534457,3.369179890739335,z
1.1,-0.05,7.881801755942048,1.6865903860158833,2.911504302851622,3.2837070670745425,z
1.1,-0.04166666666666667,7.696354584949859,1.6659070591457195,2.8306587192202257,3.1997888065839133,z
1.1,-0.03333333333333334,7.513290932214555,1.6437691067523257,2.7498005349098267,3.1197212905524028,z
1.1,-0.02500000000000001,7.335148909814958,1.62020039318924,2.668966460639222,3.0459820559864954,z
1.1,-0.016666666666666677,7.164333386635921,1.5952318168669755,2.5880153214723403,2.981086248296605,z
1.1,-0.008333333333333345,7.002919709303172,1.5689016928535717,2.5066263862053075,2.9273916302442933,z
1.1,0.0,6.852443408557377,1.541256172521595,2.424321620496802,2.8868656155389805,z
1.1,0.008333333333333331,6.713709724935109,1.5123497076954553,2.3405158119065876,2.860844205333066,z
1.1,0.016666666666666663,6.586667893990043,1.4822455677483979,2.254595745461973,2.8498265807796717,z
1.1,0.024999999999999994,6.470395038992065,1.4510164190713615,2.166026739341231,2.8533518805794724,z
1.1,0.033333333333333326,6.363218635528341,1.4187449771835496,2.0744825774099485,2.8699910809348426,z
1.1,0.04166666666666666,6.262978402251127,1.3855247423121089,1.979993621220118,2.8974600387189007,z
1.1,0.04999999999999999,6.1673992941238875,1.3514608292752543,1.883107470158738,2.932830994689895,z
1.1,0.05833333333333332,6.074528276483385,1.316670901561694,1.785055812620052,2.9728015623016386,z
1.1,0.06666666666666665,5.983181522963182,1.2812862170168178,1.687917418813082,3.0139778871332816,z
1.1,0.07499999999999998,5.89334735734009,1.2454527876600134,1.5947557765992835,3.053138793080794,z
1.1,0.08333333333333331,5.806479181148623,1.2093326476482134,1.509684092775698,3.087462440724711,z
1.1,0.09166666666666665,5.725582039799833,1.173105209599139,1.4377672497333283,3.1147095804673657,z
1.1,0.1,5.654961532165492,1.1369686682099551,1.3846280156232793,3.1333648483322576,z
