cxy,cyx,min_abs,site,max_weight,maj_sim
0.08,0.08,1.9717803318006608e-17,0,0.946745562130178,0.29289321881395247
0.08,0.08466666666666667,3.2774630458555864e-17,0,0.9400093874081867,0.2953460056000373
0.08,0.08933333333333333,1.0044104474774942e-17,0,0.932612048074805,0.2979297713580884
0.08,0.094,1.1575471436926222e-17,0,0.9246466149431395,0.30062248489967824
0.08,0.09866666666666667,9.182141029253736e-18,0,0.9161975522483308,0.3034034721265946
0.08,0.10333333333333333,1.0027316793379794e-17,0,0.907341215287325,0.306253651056306
0.08,0.10800000000000001,1.626936072846836e-18,0,0.8981463787502391,0.30915564821850117
0.08,0.11266666666666666,2.892381309965221e-17,0,0.8886747778313061,0.31209382781533046
0.08,0.11733333333333335,1.672010907838503e-17,0,0.8789816482885598,0.3150542591675648
0.08,0.122,2.0546525785509965e-17,0,0.8691162550555034,0.3180246425298029
0.08,0.12666666666666668,5.240950053923286e-17,0,0.8591224018475752,0.3209942086395281
0.08,0.13133333333333333,5.3243366737618827e-17,0,0.8490389165156376,0.3239536034509468
0.08,0.136,6.393999323896172e-17,0,0.8389001087463104,0.32689476636389425
0.08,0.14066666666666666,6.290160251101092e-17,0,0.8287361981622591,0.3298108078033305
0.08,0.14533333333333334,7.957270166949112e-17,0,0.8185737119976748,0.33269589012849377
0.08,0.15000000000000002,6.481913957412702e-17,0,0.8084358523725834,0.3355451144449416
0.08,0.15466666666666667,3.851577663103486e-17,0,0.7983428338146576,0.3383544148598354
0.08,0.15933333333333333,7.174212806537806e-17,0,0.7883121921227334,0.3411204609773445
0.08,0.164,7.694193841815528e-17,0,0.7783590659691213,0.3438405689082129
0.08,0.1686666666666667,9.151872075708045e-17,0,0.7684964528291522,0.3465126207102672
0.08,0.17333333333333334,9.803175580320005e-17,0,0.7587354409317806,0.34913499194183883
0.08,0.178,9.89560381750311e-17,0,0.7490854189652172,0.3517064868644365
0.08,0.18266666666666667,1.206798864709233e-16,0,0.739554265263474,0.35422628074930174
0.08,0.18733333333333335,9.317674574017582e-17,0,0.730148518156603,0.35669386870569464
0.08,0.192,8.601769345149857e-17,0,0.7208735290999687,0.3591090204428774
0.08,0.19666666666666668,1.3917582289756163e-16,0,0.7117336001143351,0.3614717403923914
0.08,0.20133333333333336,1.046752909059977e-16,0,0.7027321069751435,0.3637822326449317
0.08,0.20600000000000002,1.288889519166409e-16,0,0.6938716094909994,0.36604087019152143
0.08,0.21066666666666667,1.3212243779707143e-16,0,0.6851539501115738,0.3682481679980293
0.08,0.21533333333333332,1.2959271893398515e-16,0,0.6765803420065264,0.3704047594827231
0.08,0.22,2.1058100661454246e-16,0,0.6681514476614698,0.3725113760068063
0.08466666666666667,0.08,3.2774630458555864e-17,0,0.9400093874081867,0.29044891080714763
0.08466666666666667,0.08466666666666667,2.886606249685711e-17,0,0.9337319870600925,0.29289321881395247
0.08466666666666667,0.08933333333333333,1.5120108658038064e-17,0,0.9267917381783748,0.2954589449513688
0.08466666666666667,0.094,1.1802068808928242e-17,0,0.9192773839469472,0.29812700679328796
0.08466666666666667,0.09866666666666667,1.0328764188805198e-17,0,0.9112699236742403,0.30087919683366215
0.08466666666666667,0.10333333333333333,1.7845122666813685e-17,0,0.9028429949628622,0.3036984509587829
0.08466666666666667,0.10800000000000001,2.1217214634319865e-17,0,0.8940632959689808,0.3065690105500204
0.08466666666666667,0.11266666666666666,1.6544245015226685e-17,0,0.8849910304963123,0.30947650236909374
0.08466666666666667,0.11733333333333335,2.4464000547824334e-17,0,0.8756803622176195,0.31240795696782964
0.08466666666666667,0.122,3.8648433565553506e-17,0,0.8661798673720295,0.315351782764521
0.08466666666666667,0.12666666666666668,3.7896563528013074e-17,0,0.856532977870647,0.3182977095229451
0.08466666666666667,0.13133333333333333,5.674824915597948e-17,0,0.8467784088929158,0.3212367119516407
0.08466666666666667,0.136,6.459913739566177e-17,0,0.8369505668169746,0.324160921582489
0.08466666666666667,0.14066666666666666,4.367884840983249e-17,0,0.8270799347471454,0.3270635329890108
0.08466666666666667,0.14533333333333334,9.408307813896016e-17,0,0.8171934340284084,0.3299387087274772
0.08466666666666667,0.15000000000000002,8.072783674451898e-17,0,0.8073147610164827,0.33278148607217684
0.08466666666666667,0.15466666666666667,7.05765645388604e-17,0,0.7974646990440788,0.3355876876099141
0.08466666666666667,0.15933333333333333,8.617449445162034e-17,0,0.7876614060258246,0.33835383700092236
0.08466666666666667,0.164,1.0307837595180741e-16,0,0.7779206785081165,0.34107708065305364
0.08466666666666667,0.1686666666666667,9.124392592189339e-17,0,0.768256193223172,0.3437551156501756
0.08466666666666667,0.17333333333333334,7.543452546257452e-17,0,0.7586797273719359,0.34638612398856417
0.08466666666666667,0.178,8.658915035860635e-17,0,0.7492013589574569,0.34896871297802334
0.08466666666666667,0.18266666666666667,8.310169018754853e-17,0,0.7398296485347928,0.35150186153481444
0.08466666666666667,0.18733333333333335,8.557592212222324e-17,0,0.7305718037483588,0.3539848720135028
0.08466666666666667,0.192,1.1960132215885352e-16,0,0.7214338280032224,0.3564173271809514
0.08466666666666667,0.19666666666666668,1.4873626971010644e-16,0,0.7124206545716469,0.3587990519174795
0.08466666666666667,0.20133333333333336,1.406820177027189e-16,0,0.7035362673765804,0.3611300792298985
0.08466666666666667,0.20600000000000002,1.59449953034378e-16,0,0.6947838096249868,0.3634106201728936
0.08466666666666667,0.21066666666666667,1.4569552446640718e-16,0,0.6861656813898859,0.36564103729475383
0.08466666666666667,0.21533333333333332,1.540292920342074e-16,0,0.6776836271635682,0.3678218212476404
0.08466666666666667,0.22,1.9973920658951342e-16,0,0.6693388143280496,0.36995357022922193
0.08933333333333333,0.08,1.0044104474774942e-17,0,0.932612048074805,0.28789228760441077
0.08933333333333333,0.08466666666666667,1.5120108658038064e-17,0,0.9267917381783748,0.2903367687772266
0.08933333333333333,0.08933333333333333,3.5211598277820937e-19,0,0.9203086009935675,0.29289321881395247
0.08933333333333333,0.094,9.689168225074517e-18,0,0.9132470637723189,0.2955451232264841
0.08933333333333333,0.09866666666666667,6.088661504198506e-18,0,0.9056846162081148,0.29827648259609296
0.08933333333333333,0.10333333333333333,1.9605976063002763e-17,0,0.8976920926476228,0.3010720891880615
0.08933333333333333,0.10800000000000001,1.0332216010887294e-17,0,0.8893340010015016,0.3039177121326472
0.08933333333333333,0.11266666666666666,3.8586693725694905e-19,0,0.8806688820640008,0.30680020879561176
0.08933333333333333,0.11733333333333335,3.529575538047666e-18,0,0.8717496859826408,0.3097075784048624
0.08933333333333333,0.122,5.062964474677019e-17,0,0.862624155290489,0.3126289718950489
0.08933333333333333,0.12666666666666668,3.583499802778849e-17,0,0.8533352062226749,0.31555466967175794
0.08933333333333333,0.13133333333333333,5.142422228953032e-17,0,0.8439213020014444,0.3184760368194308
0.08933333333333333,0.136,8.728484569139894e-17,0,0.8344168134165009,0.3213854633112757
0.08933333333333333,0.14066666666666666,5.1082799316867876e-17,0,0.8248523633813372,0.3242762950811503
0.08933333333333333,0.14533333333333334,7.243561552379304e-17,0,0.8152551532463528,0.3271427603973035
0.08933333333333333,0.15000000000000002,5.866295878330483e-17,0,0.8056492695297013,0.32997989482038514
0.08933333333333333,0.15466666666666667,9.601972873272215e-17,0,0.7960559704197787,0.33278346710457485
0.08933333333333333,0.15933333333333333,5.0898797014048586e-17,0,0.7864939519388237,0.3355499076774965
0.08933333333333333,0.164,7.534162464377966e-17,0,0.7769795940622408,0.3382762407780149
0.08933333333333333,0.1686666666666667,1.1819584712665322e-16,0,0.7675271873863749,0.34096002091008093
0.08933333333333333,0.17333333333333334,9.835105437880065e-17,0,0.7581491411491544,0.3435992739581444
0.08933333333333333,0.178,9.370657243840764e-17,0,0.7488561735503756,0.3461924430822164
0.08933333333333333,0.18266666666666667,1.0778397476339618e-16,0,0.7396574854062677,0.34873833934930065
0.08933333333333333,0.18733333333333335,1.3001627103111119e-16,0,0.7305609182182526,0.35123609694711955
0.08933333333333333,0.192,9.556969155387785e-17,0,0.7215730977486461,0.3536851327534756
0.08933333333333333,0.19666666666666668,8.782758325138087e-17,0,0.7126995641844935,0.3560851099904684
0.08933333333333333,0.20133333333333336,1.311136694927723e-16,0,0.703944889941338,0.35843590566953853
0.08933333333333333,0.20600000000000002,1.3728801825789207e-16,0,0.695312786116765,0.36073758152509716
0.08933333333333333,0.21066666666666667,1.4483729339260883e-16,0,0.6868061985531284,0.3629903581368433
0.08933333333333333,0.21533333333333332,1.7472954192530306e-16,0,0.6784273944132421,0.3651945919504427
0.08933333333333333,0.22,2.0669644844196997e-16,0,0.6701780401143926,0.3673507549204802
0.094,0.08,1.1575471436926222e-17,0,0.9246466149431395,0.28524753139937675
0.094,0.08466666666666667,1.1802068808928242e-17,0,0.9192773839469472,0.287697886142659
0.094,0.08933333333333333,9.689168225074517e-18,0,0.9132470637723189,0.290251222904473
0.094,0.094,1.405443344097093e-17,0,0.9066358024691359,0.29289321881395247
0.094,0.09866666666666667,5.9517057578457706e-18,0,0.8995175597862743,0.29560980824333183
0.094,0.10333333333333333,1.3478177248333755e-17,0,0.8919603037486437,0.2983874503394742
0.094,0.10800000000000001,2.4604562017222266e-17,0,0.8840262582056893,0.301213320611988
0.094,0.11266666666666666,2.942421707286754e-17,0,0.875772186228718,0.30407543871472353
0.094,0.11733333333333335,2.5518138560644203e-17,0,0.8672496967817833,0.3069627442899435
0.094,0.122,3.431189340826251e-17,0,0.8585055643879176,0.30986513176847197
0.094,0.12666666666666668,2.898418397182726e-17,0,0.8495820535416367,0.3127734536865101
0.094,0.13133333333333333,5.64273104333423e-17,0,0.84051724137931,0.31567950062867456
0.094,0.136,5.565351847833266e-17,0,0.8313453336224973,0.31857596448719383
0.094,0.14066666666666666,7.765782466037345e-17,0,0.8220969700744251,0.3214563904246879
0.094,0.14533333333333334,5.75973880401351e-17,0,0.8127995169993587,0.3243151217839103
0.094,0.15000000000000002,7.770174946247919e-17,0,0.8034773445732354,0.327147241214796
0.094,0.15466666666666667,7.107351600859727e-17,0,0.7941520882864346,0.32994851048222984
0.094,0.15933333333333333,9.063640058562636e-17,0,0.7848428937295187,0.33271531076262806
0.094,0.164,9.89296433310608e-17,0,0.7755666446221372,0.33544458471487104
0.094,0.1686666666666667,1.1561623773675568e-16,0,0.7663381742738589,0.3381337812013572
0.094,0.17333333333333334,1.075153145431579e-16,0,0.7571704609109963,0.3407808032188465
0.094,0.178,7.897980110517696e-17,0,0.7480748074807478,0.34338395935895316
0.094,0.18266666666666667,1.0030153545525971e-16,0,0.73906100666639,0.3459419189395775
0.094,0.18733333333333335,1.1086967037791173e-16,0,0.7301374919258099,0.3484536708184055
0.094,0.192,1.3503038886792472e-16,0,0.7213114754098361,0.350918485807291
0.094,0.19666666666666668,9.475175609051766e-17,0,0.7125890736342045,0.3533358825431877
0.094,0.20133333333333336,1.2075097917236861e-16,0,0.7039754217760945,0.35570559663037127
0.094,0.20600000000000002,1.6852639879302887e-16,0,0.6954747774480712,0.3580275528444882
0.094,0.21066666666666667,1.2853029381682035e-16,0,0.6870906147732005,0.36030184017707634
0.094,0.21533333333333332,1.868369874261607e-16,0,0.678825709548425,0.3625286894963141
0.094,0.22,2.0758504878786985e-16,0,0.6706822162416166,0.3647084536031948
0.09866666666666667,0.08,9.182141029253736e-18,0,0.9161975522483308,0.2825369156860392
0.09866666666666667,0.08466666666666667,1.0328764188805198e-17,0,0.9112699236742403,0.28499643177209233
0.09866666666666667,0.08933333333333333,6.088661504198506e-18,0,0.9056846162081148,0.287550629784211
0.09866666666666667,0.094,5.9517057578457706e-18,0,0.8995175597862743,0.29018702621353143
0.09866666666666667,0.09866666666666667,1.0102660340808245e-17,0,0.8928391884011349,0.29289321881395247
0.09866666666666667,0.10333333333333333,2.0015108455869633e-17,0,0.8857145641095602,0.29565713434656793
0.09866666666666667,0.10800000000000001,8.05305493575541e-18,0,0.8782035543636331,0.2984672150617499
0.09866666666666667,0.11266666666666666,2.3302453397396684e-17,0,0.8703610488262485,0.301312551697799
0.09866666666666667,0.11733333333333335,3.080690044958284e-17,0,0.8622372039386146,0.30418297132639094
0.09866666666666667,0.122,6.042859145094115e-17,0,0.853877705450887,0.30706908819139955
0.09866666666666667,0.12666666666666668,6.002901699947021e-17,0,0.8453240408823393,0.3099623250574105
0.09866666666666667,0.13133333333333333,6.109605116499616e-17,0,0.8366137754318463,0.31285491171971846
0.09866666666666667,0.136,4.3963430759010213e-17,0,0.8277808262130595,0.31573986637602003
0.09866666666666667,0.14066666666666666,5.72379158158152e-17,0,0.8188557308496485,0.3186109646170583
0.09866666666666667,0.14533333333333334,6.296620694771139e-17,0,0.8098659074481107,0.3214626999161768
0.09866666666666667,0.15000000000000002,9.008021602332697e-17,0,0.8008359037851847,0.3242902387159322
0.09866666666666667,0.15466666666666667,9.623714120036555e-17,0,0.7917876342218951,0.3270893725349455
0.09866666666666667,0.15933333333333333,7.981858245381953e-17,0,0.7827406034046858,0.3298564689497935
0.09866666666666667,0.164,1.1005828135324845e-16,0,0.7737121162531909,0.3325884228378947
0.09866666666666667,0.1686666666666667,1.0463357884621661e-16,0,0.7647174740803366,0.33528260888742945
0.09866666666666667,0.17333333333333334,8.235354171909239e-17,0,0.7557701569581485,0.33793683607746117
0.09866666666666667,0.178,1.0333111720816982e-16,0,0.746881992645162,0.3405493045936926
0.09866666666666667,0.18266666666666667,1.1838037665226019e-16,0,0.7380633125400805,0.3431185654616292
0.09866666666666667,0.18733333333333335,1.357141932779648e-16,0,0.7293230952313488,0.34564348303937453
0.09866666666666667,0.192,1.0584629598794239e-16,0,0.7206690982820749,0.348123200408308
0.09866666666666667,0.19666666666666668,1.2734671420206048e-16,0,0.7121079789314635,0.3505571076241626
0.09866666666666667,0.20133333333333336,1.3926959539743923e-16,0,0.7036454044136808,0.35294481273751444
0.09866666666666667,0.20600000000000002,1.4858479083969773e-16,0,0.695286152597814,0.3552861154564301
0.09866666666666667,0.21066666666666667,1.6396444763238781e-16,0,0.6870342036424666,0.35758098330097055
0.09866666666666667,0.21533333333333332,1.7728050875265245e-16,0,0.6788928233389229,0.35982953008621954
0.09866666666666667,0.22,2.0498763395284655e-16,0,0.6708646387903855,0.3620319965649126
0.10333333333333333,0.08,1.0027316793379794e-17,0,0.907341215287325,0.279780586678004
0.10333333333333333,0.08466666666666667,1.7845122666813685e-17,0,0.9028429949628622,0.28225063371578873
0.10333333333333333,0.08933333333333333,1.9605976063002763e-17,0,0.8976920926476228,0.2848078751226041
0.10333333333333333,0.094,1.3478177248333755e-17,0,0.8919603037486437,0.28744134967187296
0.10333333333333333,0.09866666666666667,2.0015108455869633e-17,0,0.8857145641095602,0.29014006480031773
0.10333333333333333,0.10333333333333333,3.429449423323784e-17,0,0.8790170132325148,0.29289321881395247
0.10333333333333333,0.10800000000000001,3.840928768901472e-17,0,0.8719251116265856,0.29569037493723027
0.10333333333333333,0.11266666666666666,5.673904865787622e-17,0,0.8644917997794305,0.29852159169025616
0.10333333333333333,0.11733333333333335,7.228405063921076e-17,0,0.8567656879578266,0.30137751508813804
0.10333333333333333,0.122,7.94540955677846e-17,0,0.8487912676622245,0.30424943848464203
0.10333333333333333,0.12666666666666668,4.367104202788113e-17,0,0.8406091370558378,0.30712933574964885
0.10333333333333333,0.13133333333333333,6.792372738479421e-17,0,0.8322562340405412,0.31000987305120664
0.10333333333333333,0.136,4.552388018603242e-17,0,0.8237660718519824,0.3128844039389994
0.10333333333333333,0.14066666666666666,5.061240231026693e-17,0,0.8151689730949694,0.3157469517893603
0.10333333333333333,0.14533333333333334,8.386661756515314e-17,0,0.8064922990435968,0.3185921830343701
0.10333333333333333,0.15000000000000002,9.0392850880236e-17,0,0.7977606717984609,0.3214153739972857
0.10333333333333333,0.15466666666666667,5.100119358596389e-17,0,0.7889961875378024,0.32421237361482047
0.10333333333333333,0.15933333333333333,5.84668696932547e-17,0,0.7802186196335225,0.3269795638528855
0.10333333333333333,0.164,1.027494438738802e-16,0,0.7714456108399974,0.32971381921792287
0.10333333333333333,0.1686666666666667,8.673555727765316e-17,0,0.7626928541162983,0.3324124664276472
0.10333333333333333,0.17333333333333334,8.31394742803787e-17,0,0.7539742619227858,0.3350732450269389
0.10333333333333333,0.178,1.0979348769917152e-16,0,0.7453021240521831,0.33769426950968295
0.10333333333333333,0.18266666666666667,1.0974283640448812e-16,0,0.7366872542229299,0.34027399332807695
0.10333333333333333,0.18733333333333335,9.0751929073487e-17,0,0.7281391257877043,0.3428111750301719
0.10333333333333333,0.192,1.4926882679048704e-16,0,0.7196659970000382,0.34530484665763794
0.10333333333333333,0.19666666666666668,1.3643929429583676e-16,0,0.7112750263435195,0.3477542844531224
0.10333333333333333,0.20133333333333336,1.2996630733351198e-16,0,0.7029723784667923,0.35015898186508887
0.10333333333333333,0.20600000000000002,1.130860663817695e-16,0,0.6947633212881076,0.35251862479343476
0.10333333333333333,0.21066666666666667,1.6216123930138442e-16,0,0.6866523148395629,0.3548330689879333
0.10333333333333333,0.21533333333333332,1.5384160203829732e-16,0,0.6786430924166134,0.3571023194906945
0.10333333333333333,0.22,2.2107028892060025e-16,0,0.6707387345856867,0.35932651200102983
0.10800000000000001,0.08,1.626936072846836e-18,0,0.8981463787502391,0.2769964857552999
0.10800000000000001,0.08466666666666667,2.1217214634319865e-17,0,0.8940632959689808,0.2794769518821709
0.10800000000000001,0.08933333333333333,1.0332216010887294e-17,0,0.8893340010015016,0.28203798950366654
0.10800000000000001,0.094,2.4604562017222266e-17,0,0.8840262582056893,0.28466988270557125
0.10800000000000001,0.09866666666666667,8.05305493575541e-18,0,0.8782035543636331,0.2873628190619235
0.10800000000000001,0.10333333333333333,3.840928768901472e-17,0,0.8719251116265856,0.29010708410174535
0.10800000000000001,0.10800000000000001,5.3424366880659575e-17,0,0.8652459541740108,0.2928932188139527
0.10800000000000001,0.11266666666666666,6.912714379276151e-17,0,0.858217017414978,0.29571214230216014
0.10800000000000001,0.11733333333333335,6.818971007054357e-17,0,0.8508852899219601,0.29855524291046154
0.10800000000000001,0.122,3.227750166278218e-17,0,0.8432939796142849,0.3014144417639181
0.10800000000000001,0.12666666666666668,8.49435261737782e-17,0,0.8354826969634636,0.304282232861422
0.10800000000000001,0.13133333333333333,5.581245812555404e-17,0,0.8274876491513836,0.30715170375865464
0.10800000000000001,0.136,4.927302966221879e-17,0,0.8193418401611825,0.3100165405931109
0.10800000000000001,0.14066666666666666,1.0445868013289956e-16,0,0.811075272714094,0.3128710208135763
0.10800000000000001,0.14533333333333334,8.446928954514487e-17,0,0.8027151487839573,0.3157099965421971
0.10800000000000001,0.15000000000000002,8.072506545864682e-17,0,0.7942860661289328,0.31852887105875016
0.10800000000000001,0.15466666666666667,7.976604098083182e-17,0,0.7858102088845749,0.32132357047972293
0.10800000000000001,0.15933333333333333,9.069975365507392e-17,0,0.777307530772462,0.32409051232433717
0.10800000000000001,0.164,5.496290600949059e-17,0,0.7687959299039009,0.3268265723229852
0.10800000000000001,0.1686666666666667,6.981581247002327e-17,0,0.7602914145084362,0.3295290505327253
0.10800000000000001,0.17333333333333334,1.3671426405033062e-16,0,0.7518082592016346,0.3321956375782419
0.10800000000000001,0.178,1.1377741028772708e-16,0,0.7433591516348703,0.33482438163169737
0.10800000000000001,0.18266666666666667,1.0386258608953347e-16,0,0.7349553295499244,0.33741365657691935
0.10800000000000001,0.18733333333333335,1.0093291515952376e-16,0,0.7266067084005354,0.33996213166766287
0.10800000000000001,0.192,9.605491784300851e-17,0,0.7183219998084475,0.3424687428816354
0.10800000000000001,0.19666666666666668,1.0733839181670444e-16,0,0.7101088211986393,0.34493266608719986
0.10800000000000001,0.20133333333333336,1.0793100320016353e-16,0,0.7019737970125776,0.3473532920742114
0.10800000000000001,0.20600000000000002,1.1790975292772474e-16,0,0.6939226519337022,0.34973020345086314
0.10800000000000001,0.21066666666666667,1.6929020739596384e-16,0,0.6859602965797653,0.35206315337164307
0.10800000000000001,0.21533333333333332,1.851240220847304e-16,0,0.6780909061251885,0.354352046035067
0.10800000000000001,0.22,2.2712712872269134e-16,0,0.6703179923158673,0.3565969188715632
0.11266666666666666,0.08,2.892381309965221e-17,0,0.8886747778313061,0.274200373196003
0.11266666666666666,0.08466666666666667,1.6544245015226685e-17,0,0.8849910304963123,0.27669003932050984
0.11266666666666666,0.08933333333333333,3.8586693725694905e-19,0,0.8806688820640008,0.27925451824324377
0.11266666666666666,0.094,2.942421707286754e-17,0,0.875772186228718,0.28188510320528704
0.11266666666666666,0.09866666666666667,2.3302453397396684e-17,0,0.8703610488262485,0.2845729599857547
0.11266666666666666,0.10333333333333333,5.673904865787622e-17,0,0.8644917997794305,0.2873092938210755
0.11266666666666666,0.10800000000000001,6.912714379276151e-17,0,0.858217017414978,0.2900854885988223
0.11266666666666666,0.11266666666666666,6.459569764480438e-17,0,0.8515855952700886,0.2928932188139526
0.11266666666666666,0.11733333333333335,3.84872132774077e-17,0,0.8446428425700002,0.2957245360141004
0.11266666666666666,0.122,4.212061940549457e-17,0,0.837430610626487,0.298571932220408
0.11266666666666666,0.12666666666666668,4.6699990787235804e-17,0,0.8299874384445255,0.30142838319747656
0.11266666666666666,0.13133333333333333,3.854551065860185e-17,0,0.8223487118034755,0.3042873745585618
0.11266666666666666,0.136,1.0378186808489258e-16,0,0.8145468309833528,0.3071429136143716
0.11266666666666666,0.14066666666666666,8.178904874162552e-17,0,0.8066113831262559,0.3099895296737576
0.11266666666666666,0.14533333333333334,5.4125772175101844e-17,0,0.79856931595419,0.3128222652345679
0.11266666666666666,0.15000000000000002,7.125608338704196e-17,0,0.7904451102075762,0.315636660201264
0.11266666666666666,0.15466666666666667,8.429951298239347e-17,0,0.7822609487271197,0.3184287309593272
0.11266666666666666,0.15933333333333333,8.322672177378902e-17,0,0.7740368805807805,0.3211949458425626
0.11266666666666666,0.164,1.024864492165752e-16,0,0.7657909790437764,0.3239321982586877
0.11266666666666666,0.1686666666666667,9.215381122705404e-17,0,0.7575394925801822,0.3266377784966529
0.11266666666666666,0.17333333333333334,8.731388230179961e-17,0,0.7492969882569385,0.32930934502791287
0.11266666666666666,0.178,8.645456234288555e-17,0,0.7410764872521249,0.3319448959330763
0.11266666666666666,0.18266666666666667,1.1802403688921e-16,0,0.7328895923060381,0.3345427409331534
0.11266666666666666,0.18733333333333335,1.2043577665574372e-16,0,0.72474660711218,0.33710147437842997
0.11266666666666666,0.192,9.281586084749235e-17,0,0.7166566477614286,0.33961994944482976
0.11266666666666666,0.19666666666666668,1.5311544597103457e-16,0,0.7086277464415894,0.34209725370443844
0.11266666666666666,0.20133333333333336,1.2802225551016468e-16,0,0.7006669476607246,0.3445326861707292
0.11266666666666666,0.20600000000000002,1.7999380056126004e-16,0,0.6927803973100413,0.3469257358672464
0.11266666666666666,0.21066666666666667,1.6292851797939308e-16,0,0.6849734249142019,0.3492760619286225
0.11266666666666666,0.21533333333333332,2.0468327204846806e-16,0,0.6772506194365421,0.35158347521274325
0.11266666666666666,0.22,2.2770571690043957e-16,0,0.669615899016376,0.35384792138074084
0.11733333333333335,0.08,1.672010907838503e-17,0,0.8789816482885598,0.271405920890039
0.11733333333333335,0.08466666666666667,2.4464000547824334e-17,0,0.8756803622176195,0.2739027734817936
0.11733333333333335,0.08933333333333333,3.529575538047666e-18,0,0.8717496859826408,0.2764695081153067
0.11733333333333335,0.094,2.5518138560644203e-17,0,0.8672496967817833,0.27909822985620336
0.11733333333333335,0.09866666666666667,3.080690044958284e-17,0,0.8622372039386146,0.2817809090490453
0.11733333333333335,0.10333333333333333,7.228405063921076e-17,0,0.8567656879578266,0.2845095223735251
0.11733333333333335,0.10800000000000001,6.818971007054357e-17,0,0.8508852899219601,0.2872761735776024
0.11733333333333335,0.11266666666666666,3.84872132774077e-17,0,0.8446428425700002,0.2900731933318539
0.11733333333333335,0.11733333333333335,7.455303222826843e-17,0,0.8380819352073776,0.2928932188139526
0.11733333333333335,0.122,9.288141334905275e-17,0,0.831243005441284,0.2957292544226069
0.11733333333333335,0.12666666666666668,4.248018347122821e-17,0,0.8241634515785208,0.2985747155025176
0.11733333333333335,0.13133333333333333,6.90294444702984e-17,0,0.8168777603387234,0.3014234572033724
0.11733333333333335,0.136,5.830104312881443e-17,0,0.809417645304668,0.3042697906588633
0.11733333333333335,0.14066666666666666,7.704891820347986e-17,0,0.801812192241552,0.30710848860967643
0.11733333333333335,0.14533333333333334,5.295726192456904e-17,0,0.7940880080618075,0.30993478245097983
0.11733333333333335,0.15000000000000002,8.400466950812918e-17,0,0.7862693707884261,0.3127443524939775
0.11733333333333335,0.15466666666666667,1.2240102094459308e-16,0,0.7783783783783786,0.31553331301784837
0.11733333333333335,0.15933333333333333,9.39407749837228e-17,0,0.7704350947109166,0.31829819347069466
0.11733333333333335,0.164,9.929624362608567e-17,0,0.7624576914274699,0.32103591696801304
0.11733333333333335,0.1686666666666667,9.080601943140042e-17,0,0.754462584635226,0.32374377704216317
0.11733333333333335,0.17333333333333334,1.1537486126249896e-16,0,0.7464645657607893,0.32641941342044845
0.11733333333333335,0.178,1.1449435679852794e-16,0,0.7384769260689581,0.32906078745449563
0.11733333333333335,0.18266666666666667,8.435738994917895e-17,0,0.730511574550059,0.3316661576897063
0.11733333333333335,0.18733333333333335,1.0368273381103007e-16,0,0.7225791490326088,0.33423405594968736
0.11733333333333335,0.192,1.1931664927057478e-16,0,0.7146891205011039,0.3367632642151879
0.11733333333333335,0.19666666666666668,1.236003809741592e-16,0,0.7068498906958948,0.33925279249824136
0.11733333333333335,0.20133333333333336,1.103491622795162e-16,0,0.6990688831472727,0.3417018578479545
0.11733333333333335,0.20600000000000002,1.5765248507864712e-16,0,0.6913526278527207,0.34410986457267867
0.11733333333333335,0.21066666666666667,1.597983468086958e-16,0,0.6837068398476946,0.34647638572231676
0.11733333333333335,0.21533333333333332,1.810515615351572e-16,0,0.6761364919491435,0.3488011458425213
0.11733333333333335,0.22,2.0927605667215284e-16,0,0.6686458819694663,0.3510840049880365
0.122,0.08,2.0546525785509965e-17,0,0.8691162550555034,0.26862484879373805
0.122,0.08466666666666667,3.8648433565553506e-17,0,0.8661798673720295,0.2711263356144181
0.122,0.08933333333333333,5.062964474677019e-17,0,0.862624155290489,0.2736935428343429
0.122,0.094,3.431189340826251e-17,0,0.8585055643879176,0.27631922531433994
0.122,0.09866666666666667,6.042859145094115e-17,0,0.853877705450887,0.27899601148212294
0.122,0.10333333333333333,7.94540955677846e-17,0,0.8487912676622245,0.28171652103807276
0.122,0.10800000000000001,3.227750166278218e-17,0,0.8432939796142849,0.2844734681211549
0.122,0.11266666666666666,4.212061940549457e-17,0,0.837430610626487,0.2872597487656716
0.122,0.11733333333333335,9.288141334905275e-17,0,0.831243005441284,0.2900685125151524
0.122,0.122,5.558355080760361e-17,0,0.8247701460248784,0.2928932188139526
0.122,0.12666666666666668,5.617051215585271e-17,0,0.8180482348726867,0.2957276793066952
0.122,0.13133333333333333,5.806858536998388e-17,0,0.811110794888579,0.2985660874839252
0.122,0.136,5.603522887400685e-17,0,0.803988781551886,0.30140303726276296
0.122,0.14066666666666666,5.5333708254582115e-17,0,0.7967107036937185,0.30423353212408366
0.122,0.14533333333333334,6.544393217377704e-17,0,0.7893027497654399,0.307052986377369
0.122,0.15000000000000002,8.321861226025871e-17,0,0.7817889169924122,0.3098572200192573
0.122,0.15466666666666667,7.09935290047543e-17,0,0.7741911412634555,0.31264244851421374
0.122,0.15933333333333333,5.856084682938378e-17,0,0.7665294260111408,0.31540526867244634
0.122,0.164,9.789260631902358e-17,0,0.7588219686919612,0.31814264164327744
0.122,0.1686666666666667,7.907159335446004e-17,0,0.751085283781611,0.3208518738899595
0.122,0.17333333333333334,9.129281341019879e-17,0,0.7433343214627306,0.3235305968696611
0.122,0.178,1.3719797044930392e-16,0,0.7355825814044723,0.3261767460131413
0.122,0.18266666666666667,1.1373570066690926e-16,0,0.7278422212194415,0.3287885394838599
0.122,0.18733333333333335,1.2909784890131206e-16,0,0.7201241593378165,0.33136445709622775
0.122,0.192,1.2834487382799462e-16,0,0.712438172164996,0.3339032196868751
0.122,0.19666666666666668,1.2066390109966694e-16,0,0.7047929854912911,0.3364037691602557
0.122,0.20133333333333336,1.5239007404859794e-16,0,0.6971963602037445,0.33886524936936335
0.122,0.20600000000000002,1.6258473831680937e-16,0,0.6896551724137934,0.3412869879424877
0.122,0.21066666666666667,1.8214011915949298e-16,0,0.6821754881633211,0.3436684791264143
0.122,0.21533333333333332,1.8439938585659695e-16,0,0.6747626329077917,0.34600936768398116
0.122,0.22,2.3134829901420117e-16,0,0.6674212560009369,0.3483094338582521
0.12666666666666668,0.08,5.240950053923286e-17,0,0.8591224018475752,0.26586708608214193
0.12666666666666668,0.08466666666666667,3.7896563528013074e-17,0,0.856532977870647,0.26837032102509484
0.12666666666666668,0.08933333333333333,3.583499802778849e-17,0,0.8533352062226749,0.27093581229740193
0.12666666666666668,0.094,2.898418397182726e-17,0,0.8495820535416367,0.2735568335784151
0.12666666666666668,0.09866666666666667,6.002901699947021e-17,0,0.8453240408823393,0.2762265498386868
0.12666666666666668,0.10333333333333333,4.367104202788113e-17,0,0.8406091370558378,0.27893811457000284
0.12666666666666668,0.10800000000000001,8.49435261737782e-17,0,0.8354826969634636,0.28168475688852534
0.12666666666666668,0.11266666666666666,4.6699990787235804e-17,0,0.8299874384445255,0.28445985703351784
0.12666666666666668,0.11733333333333335,4.248018347122821e-17,0,0.8241634515785208,0.2872570096688347
0.12666666666666668,0.122,5.617051215585271e-17,0,0.8180482348726867,0.2900700750751156
0.12666666666666668,0.12666666666666668,8.505966509094847e-17,0,0.811676753292987,0.2928932188139526
0.12666666666666668,0.13133333333333333,6.220857689992844e-17,0,0.8050815136364589,0.295720940776512
0.12666666666666668,0.136,9.91380222051676e-17,0,0.7982926532762419,0.2985480947268703
0.12666666666666668,0.14066666666666666,7.338323188316819e-17,0,0.7913380388235838,0.30136989954333837
0.12666666666666668,0.14533333333333334,7.360101714357733e-17,0,0.784243371733921,0.304181943375463
0.12666666666666668,0.15000000000000002,8.385636840535615e-17,0,0.7770322983304737,0.3069801818929331
0.12666666666666668,0.15466666666666667,9.663984447934939e-17,0,0.7697265221250778,0.3097609317240111
0.12666666666666668,0.15933333333333333,6.87053253983252e-17,0,0.7623459166809818,0.31252086008015956
0.12666666666666668,0.164,1.0762656493757484e-16,0,0.7549086375861391,0.3152569714515726
0.12666666666666668,0.1686666666666667,1.1870061338902063e-16,0,0.7474312323898116,0.31796659214359313
0.12666666666666668,0.17333333333333334,1.2531291116235531e-16,0,0.7399287476020826,0.3206473533122497
0.12666666666666668,0.178,1.3411277232780194e-16,0,0.7324148320681237,0.32329717305218375
0.12666666666666668,0.18266666666666667,1.0473813533249042e-16,0,0.7249018362096799,0.325914237994259
0.12666666666666668,0.18733333333333335,1.4527931909142905e-16,0,0.7174009067784993,0.32849698478432454
0.12666666666666668,0.192,9.473960224931826e-17,0,0.7099220768933728,0.3310440817392115
0.12666666666666668,0.19666666666666668,1.2887070148658879e-16,0,0.7024743512371754,0.33355441091086413
0.12666666666666668,0.20133333333333336,1.8283790936625815e-16,0,0.6950657863755807,0.33602705073394057
0.12666666666666668,0.20600000000000002,1.816570329990575e-16,0,0.6877035662276456,0.3384612593854698
0.12666666666666668,0.21066666666666667,1.909865642300609e-16,0,0.6803940727725839,0.34085645894630057
0.12666666666666668,0.21533333333333332,1.9082025007513562e-16,0,0.673142952118935,0.34321222042221444
0.12666666666666668,0.22,2.2089340637682783e-16,0,0.6659551760939171,0.3455282496567683
0.13133333333333333,0.08,5.3243366737618827e-17,0,0.8490389165156376,0.2631409431162387
0.13133333333333333,0.08466666666666667,5.674824915597948e-17,0,0.8467784088929158,0.2656428669942903
0.13133333333333333,0.08933333333333333,5.142422228953032e-17,0,0.8439213020014444,0.26820420361330577
0.13133333333333333,0.094,5.64273104333423e-17,0,0.84051724137931,0.27081864111953224
0.13133333333333333,0.09866666666666667,6.109605116499616e-17,0,0.8366137754318463,0.27347978166408227
0.13133333333333333,0.10333333333333333,6.792372738479421e-17,0,0.8322562340405412,0.27618122108377574
0.13133333333333333,0.10800000000000001,5.581245812555404e-17,0,0.8274876491513836,0.27891662174610443
0.13133333333333333,0.11266666666666666,3.854551065860185e-17,0,0.8223487118034755,0.28167977697967705
0.13133333333333333,0.11733333333333335,6.90294444702984e-17,0,0.8168777603387234,0.28446466624428846
0.13133333333333333,0.122,5.806858536998388e-17,0,0.811110794888579,0.2872655007851963
0.13133333333333333,0.12666666666666668,6.220857689992844e-17,0,0.8050815136364589,0.2900767599677664
0.13133333333333333,0.13133333333333333,7.410552821653572e-17,0,0.7988213667820072,0.2928932188139526
0.13133333333333333,0.136,9.179887725792998e-17,0,0.7923596245677591,0.2957099674785346
0.13133333333333333,0.14066666666666666,7.173478184564048e-17,0,0.7857234561561179,0.2985224235300511
0.13133333333333333,0.14533333333333334,7.378431783674046e-17,0,0.7789380165547792,0.30132633795788855
0.13133333333333333,0.15000000000000002,1.0023261449161975e-16,0,0.7720265391745542,0.30411779583049026
0.13133333333333333,0.15466666666666667,7.729408668663389e-17,0,0.7650104319604358,0.3068932124951854
0.13133333333333333,0.15933333333333333,1.0403424308654378e-16,0,0.7579093753621509,0.30964932615026697
0.13133333333333333,0.164,1.0593188719100198e-16,0,0.75074142070329,0.3123831875446462
0.13133333333333333,0.1686666666666667,1.1473385472411906e-16,0,0.7435230877687697,0.3150921474773952
0.13133333333333333,0.17333333333333334,1.0627269485070862e-16,0,0.7362694606597967,0.31777384268444164
0.13133333333333333,0.178,1.2380134058399917e-16,0,0.7289942811655532,0.32042618061663186
0.13133333333333333,0.18266666666666667,1.0540935552144651e-16,0,0.7217100390734732,0.32304732353502164
0.13133333333333333,0.18733333333333335,1.2216784395203513e-16,0,0.7144280589876446,0.32563567227724954
0.13133333333333333,0.192,1.406964276744317e-16,0,0.7071585833499392,0.3281898499840401
0.13133333333333333,0.19666666666666668,1.357699027937113e-16,0,0.6999108514633638,0.3307086860176054
0.13133333333333333,0.20133333333333336,1.503989706504326e-16,0,0.6926931744041313,0.33319120025383964
0.13133333333333333,0.20600000000000002,1.7684178595907915e-16,0,0.6855130057803469,0.3356365878873545
0.13133333333333333,0.21066666666666667,1.9517329724053928e-16,0,0.6783770083529854,0.33804420485211506
0.13133333333333333,0.21533333333333332,2.1907602931687794e-16,0,0.671291116580891,0.34041355392999595
0.13133333333333333,0.22,1.9798347199003444e-16,0,0.6642605951875773,0.3427442715944423
0.136,0.08,6.393999323896172e-17,0,0.8389001087463104,0.2604532844706364
0.136,0.08466666666666667,6.459913739566177e-17,0,0.8369505668169746,0.2629507885613369
0.136,0.08933333333333333,8.728484569139894e-17,0,0.8344168134165009,0.26550540465342154
0.136,0.094,5.565351847833266e-17,0,0.8313453336224973,0.26811115336819935
0.136,0.09866666666666667,4.3963430759010213e-17,0,0.8277808262130595,0.27076199390632505
0.136,0.10333333333333333,4.552388018603242e-17,0,0.8237660718519824,0.2734518889651413
0.136,0.10800000000000001,4.927302966221879e-17,0,0.8193418401611825,0.2761748652170969
0.136,0.11266666666666666,1.0378186808489258e-16,0,0.8145468309833528,0.27892506780237913
0.136,0.11733333333333335,5.830104312881443e-17,0,0.809417645304668,0.2816968078807365
0.136,0.122,5.603522887400685e-17,0,0.803988781551886,0.28448460278419363
0.136,0.12666666666666668,9.91380222051676e-17,0,0.7982926532762419,0.28728320870960145
0.136,0.13133333333333333,9.179887725792998e-17,0,0.7923596245677591,0.29008764619179994
0.136,0.136,8.095307043358843e-17,0,0.7862180598913169,0.2928932188139526
0.136,0.14066666666666666,7.403485580516967e-17,0,0.7798943853868467,0.29569552575352087
0.136,0.14533333333333334,7.203730709855537e-17,0,0.7734131590200994,0.2984904688435729
0.136,0.15000000000000002,1.0667300322923058e-16,0,0.7667971473001236,0.3012742548624222
0.136,0.15466666666666667,8.832106729813683e-17,0,0.7600674065895754,0.30404339376175327
0.136,0.15933333333333333,1.0480895526392684e-16,0,0.7532433673209136,0.3067946935145345
0.136,0.164,9.654943956340184e-17,0,0.7463429196935019,0.30952525221766014
0.136,0.1686666666666667,9.808261570022581e-17,0,0.7393824996629368,0.3122324480272144
0.136,0.17333333333333334,1.0592163424050095e-16,0,0.7323771742447365,0.3149139274418077
0.136,0.178,1.0847536184504546e-16,0,0.7253407253407254,0.3175675923855643
0.136,0.18266666666666667,1.3648206996709644e-16,0,0.7182857314593127,0.32019158647986534
0.136,0.18733333333333335,8.27547323095139e-17,0,0.7112236468420214,0.32278428083383537
0.136,0.192,1.6035178455516903e-16,0,0.7041648776298839,0.32534425962895863
0.136,0.19666666666666668,1.9434662667897912e-16,0,0.6971188548064879,0.3278703057238612
0.136,0.20133333333333336,1.6377655386017024e-16,0,0.6900941037414194,0.330361386461384
0.136,0.20600000000000002,1.6688017035218757e-16,0,0.6830983102304955,0.3328166398216317
0.136,0.21066666666666667,1.7944501607605272e-16,0,0.6761383829890519,0.3352353610314366
0.136,0.21533333333333332,2.0822292850135787e-16,0,0.6692205126034414,0.3376169897123119
0.136,0.22,2.2514201152380167e-16,0,0.66235022698519,0.33996109762503557
0.14066666666666666,0.08,6.290160251101092e-17,0,0.8287361981622591,0.2578096964650095
0.14066666666666666,0.08466666666666667,4.367884840983249e-17,0,0.8270799347471454,0.26029971517826667
0.14066666666666666,0.08933333333333333,5.1082799316867876e-17,0,0.8248523633813372,0.26284501316932773
0.14066666666666666,0.094,7.765782466037345e-17,0,0.8220969700744251,0.26543987999409324
0.14066666666666666,0.09866666666666667,5.72379158158152e-17,0,0.8188557308496485,0.2680785681109684
0.14066666666666666,0.10333333333333333,5.061240231026693e-17,0,0.8151689730949694,0.2707553455711631
0.14066666666666666,0.10800000000000001,1.0445868013289956e-16,0,0.811075272714094,0.2734645459712177
0.14066666666666666,0.11266666666666666,8.178904874162552e-17,0,0.8066113831262559,0.27620061423157916
0.14066666666666666,0.11733333333333335,7.704891820347986e-17,0,0.801812192241552,0.2789581472328957
0.14066666666666666,0.122,5.5333708254582115e-17,0,0.7967107036937185,0.2817319287493999
0.14066666666666666,0.12666666666666668,7.338323188316819e-17,0,0.7913380388235838,0.284516958457784
0.14066666666666666,0.13133333333333333,7.173478184564048e-17,0,0.7857234561561179,0.28730847506902923
0.14066666666666666,0.136,7.403485580516967e-17,0,0.7798943853868467,0.2901019738335824
0.14066666666666666,0.14066666666666666,1.157635577868299e-16,0,0.7738764731771723,0.2928932188139526
0.14066666666666666,0.14533333333333334,9.681210692929908e-17,0,0.7676936383429269,0.29567825041184614
0.14066666666666666,0.15000000000000002,7.309022609853469e-17,0,0.7613681342988194,0.29845338868834603
0.14066666666666666,0.15466666666666667,9.496812172277655e-17,0,0.7549206168877278,0.30121523303420294
0.14066666666666666,0.15933333333333333,1.0925880709263769e-16,0,0.7483702159741012,0.3039606587409369
0.14066666666666666,0.164,1.1124905646263031e-16,0,0.741734609412618,0.30668681099917117
0.14066666666666666,0.1686666666666667,1.6373673857498506e-16,0,0.7350300982152294,0.3093910968141751
0.14066666666666666,0.17333333333333334,1.258844499402554e-16,0,0.7282716819313377,0.3120711752847598
0.14066666666666666,0.178,8.934704518392184e-17,0,0.721473133427249,0.31472494664404926
0.14066666666666666,0.18266666666666667,1.0554608275127372e-16,0,0.7146470724028353,0.31735054041208977
0.14066666666666666,0.18733333333333335,1.1407215280251505e-16,0,0.7078050371166058,0.31994630296272497
0.14066666666666666,0.192,1.6457121938338294e-16,0,0.7009575539063049,0.32251078476206196
0.14066666666666666,0.19666666666666668,1.6691738588692542e-16,0,0.6941142041921204,0.32504272749408547
0.14066666666666666,0.20133333333333336,1.804175909332701e-16,0,0.6872836887350677,0.32754105125101773
0.14066666666666666,0.20600000000000002,1.752230092103226e-16,0,0.6804738889955162,0.3300048419321112
0.14066666666666666,0.21066666666666667,1.9041387326809766e-16,0,0.6736919254975989,0.3324333389647022
0.14066666666666666,0.21533333333333332,2.3181239221126397e-16,0,0.6669442131557041,0.33482592343537876
0.14066666666666666,0.22,2.585935045379976e-16,0,0.6602365135606804,0.337182106696833
0.14533333333333334,0.08,7.957270166949112e-17,0,0.8185737119976748,0.25521464505054725
0.14533333333333334,0.08466666666666667,9.408307813896016e-17,0,0.8171934340284084,0.25769422342488446
0.14533333333333334,0.08933333333333333,7.243561552379304e-17,0,0.8152551532463528,0.26022764642572305
0.14533333333333334,0.094,5.75973880401351e-17,0,0.8127995169993587,0.2628094239962816
0.14533333333333334,0.09866666666666667,6.296620694771139e-17,0,0.8098659074481107,0.2654340517056746
0.14533333333333334,0.10333333333333333,8.386661756515314e-17,0,0.8064922990435968,0.26809605344914256
0.14533333333333334,0.10800000000000001,8.446928954514487e-17,0,0.8027151487839573,0.270790022581763
0.14533333333333334,0.11266666666666666,5.4125772175101844e-17,0,0.79856931595419,0.27351066020124215
0.14533333333333334,0.11733333333333335,5.295726192456904e-17,0,0.7940880080618075,0.27625280965822796
0.14533333333333334,0.122,6.544393217377704e-17,0,0.7893027497654399,0.2790114867003338
0.14533333333333334,0.12666666666666668,7.360101714357733e-17,0,0.784243371733921,0.28178190493845257
0.14533333333333334,0.13133333333333333,7.378431783674046e-17,0,0.7789380165547792,0.284559496556666
0.14533333333333334,0.136,7.203730709855537e-17,0,0.7734131590200994,0.28733992837028155
0.14533333333333334,0.14066666666666666,9.681210692929908e-17,0,0.7676936383429269,0.2901191134734874
0.14533333333333334,0.14533333333333334,1.1306615510284792e-16,0,0.761802700089693,0.29289321881395247
0.14533333333333334,0.15000000000000002,1.0709218001017624e-16,0,0.7557620458461518,0.29565866909242366
0.14533333333333334,0.15466666666666667,1.1044821031569422e-16,0,0.7495918888605095,0.29841214741730937
0.14533333333333334,0.15933333333333333,8.200368024077561e-17,0,0.7433110141234516,0.30115059315341575
0.14533333333333334,0.164,1.2698241418491943e-16,0,0.7369368415479913,0.30387119739591306
0.14533333333333334,0.1686666666666667,1.0251162328632636e-16,0,0.7304854911002774,0.30657139648005816
0.14533333333333334,0.17333333333333334,1.1085123899850833e-16,0,0.7239718489049547,0.30924886390820305
0.14533333333333334,0.178,1.2096891051435967e-16,0,0.7174096335047561,0.311901501041455
0.14533333333333334,0.18266666666666667,1.0905887020178712e-16,0,0.7108114615940286,0.31452742686659985
0.14533333333333334,0.18733333333333335,1.7675196657271196e-16,0,0.7041889126702261,0.3171249671115248
0.14533333333333334,0.192,1.499126383208731e-16,0,0.697552592156899,0.31969264294581723
0.14533333333333334,0.19666666666666668,1.5843401241417584e-16,0,0.6909121926473296,0.3222291594684529
0.14533333333333334,0.20133333333333336,1.8291792615324325e-16,0,0.6842765530007288,0.32473339415222446
0.14533333333333334,0.20600000000000002,1.8633593125069255e-16,0,0.6776537150939759,0.3272043853851172
0.14533333333333334,0.21066666666666667,2.1571989564352265e-16,0,0.671050978092406,0.3296413212224416
0.14533333333333334,0.21533333333333332,2.0959712566780687e-16,0,0.6644749501541438,0.33204352844015284
0.14533333333333334,0.22,2.2138008458724238e-16,0,0.657931597525153,0.33441046195938506
0.15000000000000002,0.08,6.481913957412702e-17,0,0.8084358523725834,0.2526716216678241
0.15000000000000002,0.08466666666666667,8.072783674451898e-17,0,0.8073147610164827,0.25513796265984057
0.15000000000000002,0.08933333333333333,5.866295878330483e-17,0,0.8056492695297013,0.2576570478184066
0.15000000000000002,0.094,7.770174946247919e-17,0,0.8034773445732354,0.26022357093935056
0.15000000000000002,0.09866666666666667,9.008021602332697e-17,0,0.8008359037851847,0.2628322317789432
0.15000000000000002,0.10333333333333333,9.0392850880236e-17,0,0.7977606717984609,0.2654777706894489
0.15000000000000002,0.10800000000000001,8.072506545864682e-17,0,0.7942860661289328,0.26815500246423485
0.15000000000000002,0.11266666666666666,7.125608338704196e-17,0,0.7904451102075762,0.2708588482755172
0.15000000000000002,0.11733333333333335,8.400466950812918e-17,0,0.7862693707884261,0.27358436486425797
0.15000000000000002,0.122,8.321861226025871e-17,0,0.7817889169924122,0.2763267704004535
0.15000000000000002,0.12666666666666668,8.385636840535615e-17,0,0.7770322983304737,0.2790814666625405
0.15000000000000002,0.13133333333333333,1.0023261449161975e-16,0,0.7720265391745542,0.28184405738114904
0.15000000000000002,0.136,1.0667300322923058e-16,0,0.7667971473001236,0.2846103627529105
0.15000000000000002,0.14066666666666666,7.309022609853469e-17,0,0.7613681342988194,0.2873764302552707
0.15000000000000002,0.14533333333333334,1.0709218001017624e-16,0,0.7557620458461518,0.29013854198588174
0.15000000000000002,0.15000000000000002,7.910604276921371e-17,0,0.75,0.29289321881395247
0.15000000000000002,0.15466666666666667,1.0922289957831233e-16,0,0.7441017318954242,0.29563722167022466
0.15000000000000002,0.15933333333333333,9.421260194056187e-17,0,0.7380856433858619,0.2983675503214258
0.15000000000000002,0.164,1.226583354736668e-16,0,0.7319688563569395,0.3010814399783579
0.15000000000000002,0.1686666666666667,1.0582593236890249e-16,0,0.7257672686047455,0.3037763560780392
0.15000000000000002,0.17333333333333334,1.4482829277112848e-16,0,0.7194956113240205,0.30644998756285236
0.15000000000000002,0.178,1.0679968726605633e-16,0,0.7131675073925903,0.3091002389563081
0.15000000000000002,0.18266666666666667,1.6034389710649966e-16,0,0.7067955297661483,0.31172522150808946
0.15000000000000002,0.18733333333333335,1.285115489671471e-16,0,0.7003912594123725,0.314323243652317
0.15000000000000002,0.192,1.8019731864327376e-16,0,0.6939653423156525,0.31689280099391093
0.15000000000000002,0.19666666666666668,2.0436504467306006e-16,0,0.6875275451740858,0.31943256600947445
0.15000000000000002,0.20133333333333336,1.9808258512277218e-16,0,0.6810868094895506,0.3219413776221062
0.15000000000000002,0.20600000000000002,1.8034152824897926e-16,0,0.6746513038204976,0.3244182307843627
0.15000000000000002,0.21066666666666667,2.3229814351780746e-16,0,0.6682284740263749,0.32686226618059044
0.15000000000000002,0.21533333333333332,2.1103375461108084e-16,0,0.6618250913833916,0.32927276013910856
0.15000000000000002,0.22,2.71162092794869e-16,0,0.6554472984942432,0.3316491148263129
0.15466666666666667,0.08,3.851577663103486e-17,0,0.7983428338146576,0.2501832759513065
0.15466666666666667,0.08466666666666667,7.05765645388604e-17,0,0.7974646990440788,0.2526337717403574
0.15466666666666667,0.08933333333333333,9.601972873272215e-17,0,0.7960559704197787,0.2551361881326266
0.15466666666666667,0.094,7.107351600859727e-17,0,0.7941520882864346,0.2576853757377514
0.15466666666666667,0.09866666666666667,9.623714120036555e-17,0,0.7917876342218951,0.2602762086811238
0.15466666666666667,0.10333333333333333,5.100119358596389e-17,0,0.7889961875378024,0.2629036128000146
0.15466666666666667,0.10800000000000001,7.976604098083182e-17,0,0.7858102088845749,0.2655625935369347
0.15466666666666667,0.11266666666666666,8.429951298239347e-17,0,0.7822609487271197,0.26824826258021606
0.15466666666666667,0.11733333333333335,1.2240102094459308e-16,0,0.7783783783783786,0.270955862508817
0.15466666666666667,0.122,7.09935290047543e-17,0,0.7741911412634555,0.27368078889922576
0.15466666666666667,0.12666666666666668,9.663984447934939e-17,0,0.7697265221250778,0.2764186095371992
0.15466666666666667,0.13133333333333333,7.729408668663389e-17,0,0.7650104319604358,0.27916508053969724
0.15466666666666667,0.136,8.832106729813683e-17,0,0.7600674065895754,0.28191615932961733
0.15466666666666667,0.14066666666666666,9.496812172277655e-17,0,0.7549206168877278,0.28466801451693624
0.15466666666666667,0.14533333333333334,1.1044821031569422e-16,0,0.7495918888605095,0.28741703282565423
0.15466666666666667,0.15000000000000002,1.0922289957831233e-16,0,0.7441017318954242,0.2901598232685433
0.15466666666666667,0.15466666666666667,9.086102941226221e-17,0,0.7384693736803577,0.29289321881395247
0.15466666666666667,0.15933333333333333,1.205406504709449e-16,0,0.732712800435583,0.29561427581392397
0.15466666666666667,0.164,1.0610338729193268e-16,0,0.7268488012570324,0.29832027147371953
0.15466666666666667,0.1686666666666667,1.1009232561389861e-16,0,0.7208930155128248,0.30100869964257215
0.15466666666666667,0.17333333333333334,1.1233218883667254e-16,0,0.7148599823706618,0.3036772651966979
0.15466666666666667,0.178,1.8336960395585398e-16,0,0.7087631916596042,0.30632387727074417
0.15466666666666667,0.18266666666666667,1.5444641197138868e-16,0,0.7026151353853278,0.30894664157484164
0.15466666666666667,0.18733333333333335,1.6913283859803022e-16,0,0.6964273593230306,0.31154385201293655
0.15466666666666667,0.192,1.7375083824641068e-16,0,0.6902105142068331,0.31411398179540584
0.15466666666666667,0.19666666666666668,1.9963150870458683e-16,0,0.683974406118997,0.3166556742160692
0.15466666666666667,0.20133333333333336,1.6341077907083632e-16,0,0.6777280457572192,0.3191677332414039
0.15466666666666667,0.20600000000000002,2.1110388642741256e-16,0,0.6714796963240317,0.3216491140385196
0.15466666666666667,0.21066666666666667,2.2103082281144013e-16,0,0.665236919839761,0.32409891354866105
0.15466666666666667,0.21533333333333332,2.526172870972138e-16,0,0.6590066217301993,0.3265163611948474
0.15466666666666667,0.22,2.7227216771518783e-16,0,0.6527950935827841,0.32890080979587555
0.15933333333333333,0.08,7.174212806537806e-17,0,0.7883121921227334,0.2477515350259074
0.15933333333333333,0.08466666666666667,8.617449445162034e-17,0,0.7876614060258246,0.2501837858600393
0.15933333333333333,0.08933333333333333,5.0898797014048586e-17,0,0.7864939519388237,0.2526673599987739
0.15933333333333333,0.094,9.063640058562636e-17,0,0.7848428937295187,0.25519724523336385
0.15933333333333333,0.09866666666666667,7.981858245381953e-17,0,0.7827406034046858,0.25776846753176386
0.15933333333333333,0.10333333333333333,5.84668696932547e-17,0,0.7802186196335225,0.2603761141452142
0.15933333333333333,0.10800000000000001,9.069975365507392e-17,0,0.777307530772462,0.26301535669417875
0.15933333333333333,0.11266666666666666,8.322672177378902e-17,0,0.7740368805807805,0.2656814734402352
0.15933333333333333,0.11733333333333335,9.39407749837228e-17,0,0.7704350947109166,0.2683698701028865
0.15933333333333333,0.122,5.856084682938378e-17,0,0.7665294260111408,0.2710760987337977
0.15933333333333333,0.12666666666666668,6.87053253983252e-17,0,0.7623459166809818,0.2737958743069122
0.15933333333333333,0.13133333333333333,1.0403424308654378e-16,0,0.7579093753621509,0.27652508881523397
0.15933333333333333,0.136,1.0480895526392684e-16,0,0.7532433673209136,0.27925982278009664
0.15933333333333333,0.14066666666666666,1.0925880709263769e-16,0,0.7483702159741012,0.2819963541748305
0.15933333333333333,0.14533333333333334,8.200368024077561e-17,0,0.7433110141234516,0.2847311648416637
0.15933333333333333,0.15000000000000002,9.421260194056187e-17,0,0.7380856433858619,0.2874609445394388
0.15933333333333333,0.15466666666666667,1.205406504709449e-16,0,0.732712800435583,0.2901825928018935
0.15933333333333333,0.15933333333333333,9.990432063913384e-17,0,0.7272100288044137,0.29289321881395247
0.15933333333333333,0.164,1.4438530955889464e-16,0,0.721593755114389,0.29559013952892454
0.15933333333333333,0.1686666666666667,1.132738729608244e-16,0,0.7158793287418759,0.29827087625494364
0.15933333333333333,0.17333333333333334,1.5478344836683576e-16,0,0.7100810640306232,0.3009331499365615
0.15933333333333333,0.178,1.5096230352751871e-16,0,0.7042122842827985,0.303574875348977
0.15933333333333333,0.18266666666666667,1.5123621119874313e-16,0,0.6982853668607107,0.30619415440968034
0.15933333333333333,0.18733333333333335,1.9402356966723154e-16,0,0.692311788827153,0.30878926879669166
0.15933333333333333,0.192,1.7668028612449271e-16,0,0.6863021726390728,0.3113586720452538
0.15933333333333333,0.19666666666666668,1.7711876368056706e-16,0,0.6802663314875839,0.3139009812767315
0.15933333333333333,0.20133333333333336,1.9510913783436075e-16,0,0.6742133139474507,0.31641496869530483
0.15933333333333333,0.20600000000000002,2.2117797443871023e-16,0,0.66815144766147,0.3188995529703418
0.15933333333333333,0.21066666666666667,2.2735494202826387e-16,0,0.6620883818400887,0.32135379060551283
0.15933333333333333,0.21533333333333332,2.917274237176192e-16,0,0.6560311284046692,0.323776867379987
0.15933333333333333,0.22,2.5848077776153073e-16,0,0.6499861016445757,0.3261680899326477
0.164,0.08,7.694193841815528e-17,0,0.7783590659691213,0.2453777097196984
0.164,0.08466666666666667,1.0307837595180741e-16,0,0.7779206785081165,0.2477895332037161
0.164,0.08933333333333333,7.534162464377966e-17,0,0.7769795940622408,0.25025226477187035
0.164,0.094,9.89296433310608e-17,0,0.7755666446221372,0.2527610154617229
0.164,0.09866666666666667,1.1005828135324845e-16,0,0.7737121162531909,0.2553109463215022
0.164,0.10333333333333333,1.027494438738802e-16,0,0.7714456108399974,0.25789728753280905
0.164,0.10800000000000001,5.496290600949059e-17,0,0.7687959299039009,0.2605153576522603
0.164,0.11266666666666666,1.024864492165752e-16,0,0.7657909790437764,0.26316058231982753
0.164,0.11733333333333335,9.929624362608567e-17,0,0.7624576914274699,0.2658285118917253
0.164,0.122,9.789260631902358e-17,0,0.7588219686919612,0.26851483757127514
0.164,0.12666666666666668,1.0762656493757484e-16,0,0.7549086375861391,0.27121540572476865
0.164,0.13133333333333333,1.0593188719100198e-16,0,0.75074142070329,0.2739262301753874
0.164,0.136,9.654943956340184e-17,0,0.7463429196935019,0.2766435023631155
0.164,0.14066666666666666,1.1124905646263031e-16,0,0.741734609412618,0.2793635993400787
0.164,0.14533333333333334,1.2698241418491943e-16,0,0.7369368415479913,0.2820830896380936
0.164,0.15000000000000002,1.226583354736668e-16,0,0.7319688563569395,0.2847987370985283
0.164,0.15466666666666667,1.0610338729193268e-16,0,0.7268488012570324,0.2875075027946814
0.164,0.15933333333333333,1.4438530955889464e-16,0,0.721593755114389,0.29020654520508193
0.164,0.164,1.2208057030218983e-16,0,0.7162197571840339,0.2928932188139526
0.164,0.1686666666666667,1.0984946202828179e-16,0,0.7107418397626115,0.2955650713241508
0.164,0.17333333333333334,1.8404231937903818e-16,0,0.7051740637165183,0.2982198396698852
0.164,0.178,1.302399454627063e-16,0,0.6995295561464516,0.3008554450128649
0.164,0.18266666666666667,1.4345311889808854e-16,0,0.6938205495414559,0.303469986897677
0.164,0.18733333333333335,2.1067217212826816e-16,0,0.6880584218611963,0.3060617367312978
0.164,0.192,1.682501818023674e-16,0,0.6822537370640094,0.3086291307387208
0.164,0.19666666666666668,1.8206673786156455e-16,0,0.676416285670228,0.311170762532613
0.164,0.20133333333333336,2.0282613302336315e-16,0,0.6705551250152959,0.3136853754203054
0.164,0.20600000000000002,1.966279905564088e-16,0,0.6646786189056162,0.31617185455686414
0.164,0.21066666666666667,2.5410055421942e-16,0,0.6587944764420413,0.31862921903882946
0.164,0.21533333333333332,2.7868302752489337e-16,0,0.6529097898219514,0.32105661401975216
0.164,0.22,3.0685034897636263e-16,0,0.6470310709712208,0.32345330291610497
0.1686666666666667,0.08,9.151872075708045e-17,0,0.7684964528291522,0.24306258838156047
0.1686666666666667,0.08466666666666667,9.124392592189339e-17,0,0.768256193223172,0.245452021563061
0.1686666666666667,0.08933333333333333,1.1819584712665322e-16,0,0.7675271873863749,0.24789209154553826
0.1686666666666667,0.094,1.1561623773675568e-16,0,0.7663381742738589,0.25037802299307355
0.1686666666666667,0.09866666666666667,1.0463357884621661e-16,0,0.7647174740803366,0.2529050997690564
0.1686666666666667,0.10333333333333333,8.673555727765316e-17,0,0.7626928541162983,0.2554686809694513
0.1686666666666667,0.10800000000000001,6.981581247002327e-17,0,0.7602914145084362,0.25806421711913896
0.1686666666666667,0.11266666666666666,9.215381122705404e-17,0,0.7575394925801822,0.2606872660026316
0.1686666666666667,0.11733333333333335,9.080601943140042e-17,0,0.754462584635226,0.2633335076784159
0.1686666666666667,0.122,7.907159335446004e-17,0,0.751085283781611,0.2659987583118092
0.1686666666666667,0.12666666666666668,1.1870061338902063e-16,0,0.7474312323898116,0.2686789825484559
0.1686666666666667,0.13133333333333333,1.1473385472411906e-16,0,0.7435230877687697,0.27137030423440767
0.1686666666666667,0.136,9.808261570022581e-17,0,0.7393824996629368,0.27406901536582173
0.1686666666666667,0.14066666666666666,1.6373673857498506e-16,0,0.7350300982152294,0.2767715832193416
0.1686666666666667,0.14533333333333334,1.0251162328632636e-16,0,0.7304854911002774,0.2794746556720099
0.1686666666666667,0.15000000000000002,1.0582593236890249e-16,0,0.7257672686047455,0.282175064766755
0.1686666666666667,0.15466666666666667,1.1009232561389861e-16,0,0.7208930155128248,0.28486982861634336
0.1686666666666667,0.15933333333333333,1.132738729608244e-16,0,0.7158793287418759,0.28755615176592275
0.1686666666666667,0.164,1.0984946202828179e-16,0,0.7107418397626115,0.2902314241528885
0.1686666666666667,0.1686666666666667,1.8634549288765767e-16,0,0.7054952409280192,0.2928932188139526
0.1686666666666667,0.17333333333333334,1.499510033649432e-16,0,0.7001533149234104,0.2955392884941508
0.1686666666666667,0.178,1.39787379774931e-16,0,0.6947289666351963,0.2981675613123136
0.1686666666666667,0.18266666666666667,1.4906005089439875e-16,0,0.6892342568171415,0.30077613563329375
0.1686666666666667,0.18733333333333335,1.885683739700373e-16,0,0.6836804370092182,0.3033632742900334
0.1686666666666667,0.192,2.0885373002086177e-16,0,0.6780779852351964,0.3059273982891807
0.1686666666666667,0.19666666666666668,1.8414875299021106e-16,0,0.6724366420706467,0.30846708012321333
0.1686666666666667,0.20133333333333336,2.2238811947604095e-16,0,0.6667654467328495,0.3109810368004613
0.1686666666666667,0.20600000000000002,2.5545815924334863e-16,0,0.6610727728983692,0.3134681226925604
0.1686666666666667,0.21066666666666667,2.76094916043237e-16,0,0.6553663640028411,0.3159273222870843
0.1686666666666667,0.21533333333333332,2.9242163597072907e-16,0,0.6496533678211047,0.31835774292168206
0.1686666666666667,0.22,2.9276647193052374e-16,0,0.6439403701644643,0.32075860756519936
0.17333333333333334,0.08,9.803175580320005e-17,0,0.7587354409317806,0.24080651920341467
0.17333333333333334,0.08466666666666667,7.543452546257452e-17,0,0.7586797273719359,0.24317181534783383
0.17333333333333334,0.08933333333333333,9.835105437880065e-17,0,0.7581491411491544,0.24558758835083405
0.17333333333333334,0.094,1.075153145431579e-16,0,0.7571704609109963,0.2480491700956794
0.17333333333333334,0.09866666666666667,8.235354171909239e-17,0,0.7557701569581485,0.2505519584551156
0.17333333333333334,0.10333333333333333,8.31394742803787e-17,0,0.7539742619227858,0.25309143095049424
0.17333333333333334,0.10800000000000001,1.3671426405033062e-16,0,0.7518082592016346,0.2556631585571929
0.17333333333333334,0.11266666666666666,8.731388230179961e-17,0,0.7492969882569385,0.25826281923332284
0.17333333333333334,0.11733333333333335,1.1537486126249896e-16,0,0.7464645657607893,0.2608862108026041
0.17333333333333334,0.122,9.129281341019879e-17,0,0.7433343214627306,0.26352926288475764
0.17333333333333334,0.12666666666666668,1.2531291116235531e-16,0,0.7399287476020826,0.26618804763281856
0.17333333333333334,0.13133333333333333,1.0627269485070862e-16,0,0.7362694606597967,0.2688587891022468
0.17333333333333334,0.136,1.0592163424050095e-16,0,0.7323771742447365,0.2715378711385352
0.17333333333333334,0.14066666666666666,1.258844499402554e-16,0,0.7282716819313377,0.274221843725995
0.17333333333333334,0.14533333333333334,1.1085123899850833e-16,0,0.7239718489049547,0.276907427789168
0.17333333333333334,0.15000000000000002,1.4482829277112848e-16,0,0.7194956113240205,0.27959151847926067
0.17333333333333334,0.15466666666666667,1.1233218883667254e-16,0,0.7148599823706618,0.2822711870109743
0.17333333333333334,0.15933333333333333,1.5478344836683576e-16,0,0.7100810640306232,0.2849436811404519
0.17333333333333334,0.164,1.8404231937903818e-16,0,0.7051740637165183,0.2876064243933527
0.17333333333333334,0.1686666666666667,1.499510033649432e-16,0,0.7001533149234104,0.2902570141641002
0.17333333333333334,0.17333333333333334,1.70583112543096e-16,0,0.6950323011806642,0.2928932188139526
0.17333333333333334,0.178,1.8436602544224233e-16,0,0.6898236826374745,0.29551297389764575
0.17333333333333334,0.18266666666666667,1.5202986953767076e-16,0,0.6845393246904191,0.29811437764679116
0.17333333333333334,0.18733333333333335,1.488143131553574e-16,0,0.6791903281288575,0.3006956858337899
0.17333333333333334,0.192,1.929705311513681e-16,0,0.6737870603375493,0.30325530613346985
0.17333333333333334,0.19666666666666668,2.2092553588428708e-16,0,0.6683391871550426,0.3057917920915867
0.17333333333333334,0.20133333333333336,2.457029119460726e-16,0,0.6628557050410055,0.30830383680030204
0.17333333333333334,0.20600000000000002,2.464763440313686e-16,0,0.6573449732556484,0.31079026637119855
0.17333333333333334,0.21066666666666667,2.804970366840625e-16,0,0.6518147457997934,0.313250033286653
0.17333333333333334,0.21533333333333332,3.0500665357913215e-16,0,0.6462722029050839,0.31568220970079863
0.17333333333333334,0.22,3.1924607565074056e-16,0,0.6407239819004527,0.31808598075199745
0.178,0.08,9.89560381750311e-17,0,0.7490854189652172,0.23860948204949728
0.178,0.08466666666666667,8.658915035860635e-17,0,0.7492013589574569,0.24094910360563138
0.178,0.08933333333333333,9.370657243840764e-17,0,0.7488561735503756,0.243339125819377
0.178,0.094,7.897980110517696e-17,0,0.7480748074807478,0.24577498372736184
0.178,0.09866666666666667,1.0333111720816982e-16,0,0.746881992645162,0.24825218302496999
0.178,0.10333333333333333,1.0979348769917152e-16,0,0.7453021240521831,0.25076631191712073
0.178,0.10800000000000001,1.1377741028772708e-16,0,0.7433591516348703,0.2533130530624419
0.178,0.11266666666666666,8.645456234288555e-17,0,0.7410764872521249,0.25588819527659845
0.178,0.11733333333333335,1.1449435679852794e-16,0,0.7384769260689581,0.25848764469672936
0.178,0.122,1.3719797044930392e-16,0,0.7355825814044723,0.26110743515369783
0.178,0.12666666666666668,1.3411277232780194e-16,0,0.7324148320681237,0.26374373754825053
0.178,0.13133333333333333,1.2380134058399917e-16,0,0.7289942811655532,0.2663928680776837
0.178,0.136,1.0847536184504546e-16,0,0.7253407253407254,0.26905129520865156
0.178,0.14066666666666666,8.934704518392184e-17,0,0.721473133427249,0.27171564533721837
0.178,0.14533333333333334,1.2096891051435967e-16,0,0.7174096335047561,0.27438270711787527
0.178,0.15000000000000002,1.0679968726605633e-16,0,0.7131675073925903,0.277049434478155
0.178,0.15466666666666667,1.8336960395585398e-16,0,0.7087631916596042,0.2797129483644093
0.178,0.15933333333333333,1.5096230352751871e-16,0,0.7042122842827985,0.28237053728724826
0.178,0.164,1.302399454627063e-16,0,0.6995295561464516,0.2850196567524208
0.178,0.1686666666666667,1.39787379774931e-16,0,0.6947289666351963,0.2876579276749964
0.178,0.17333333333333334,1.8436602544224233e-16,0,0.6898236826374745,0.2902831338822175
0.178,0.178,1.9334320072523959e-16,0,0.6848261003385657,0.29289321881395247
0.178,0.18266666666666667,1.853874589583363e-16,0,0.679747869243817,0.2954862815299879
0.178,0.18733333333333335,1.8052001784082994e-16,0,0.674599917931884,0.298060572131043
0.178,0.192,1.923497352524561e-16,0,0.6693924810941854,0.30061448669601776
0.178,0.19666666666666668,2.626761988273966e-16,0,0.6641351274698262,0.3031465618320762
0.178,0.20133333333333336,2.681234802682954e-16,0,0.6588367883346902,0.3056554689272022
0.178,0.20600000000000002,2.805257659573622e-16,0,0.6535057862491491,0.30814000818725895
0.178,0.21066666666666667,2.933927810821437e-16,0,0.6481498638107062,0.3105991025316065
0.178,0.21533333333333332,3.304454288824694e-16,0,0.6427762121960432,0.3130317914133143
0.178,0.22,3.2077950268641547e-16,0,0.6373914993113603,0.31543722462209456
0.18266666666666667,0.08,1.206798864709233e-16,0,0.739554265263474,0.23647115082421022
0.18266666666666667,0.08466666666666667,8.310169018754853e-17,0,0.7398296485347928,0.238783759759571
0.18266666666666667,0.08933333333333333,1.0778397476339618e-16,0,0.7396574854062677,0.24114675373621886
0.18266666666666667,0.094,1.0030153545525971e-16,0,0.73906100666639,0.24355566853988275
0.18266666666666667,0.09866666666666667,1.1838037665226019e-16,0,0.7380633125400805,0.24600611344826018
0.18266666666666667,0.10333333333333333,1.0974283640448812e-16,0,0.7366872542229299,0.24849378171614356
0.18266666666666667,0.10800000000000001,1.0386258608953347e-16,0,0.7349553295499244,0.2510144610823136
0.18266666666666667,0.11266666666666666,1.1802403688921e-16,0,0.7328895923060381,0.2535640440373833
0.18266666666666667,0.11733333333333335,8.435738994917895e-17,0,0.730511574550059,0.25613853761513816
0.18266666666666667,0.122,1.1373570066690926e-16,0,0.7278422212194415,0.25873407250138913
0.18266666666666667,0.12666666666666668,1.0473813533249042e-16,0,0.7249018362096799,0.26134691129074306
0.18266666666666667,0.13133333333333333,1.0540935552144651e-16,0,0.7217100390734732,0.263973455760264
0.18266666666666667,0.136,1.3648206996709644e-16,0,0.7182857314593127,0.26661025306742736
0.18266666666666667,0.14066666666666666,1.0554608275127372e-16,0,0.7146470724028353,0.2692540008163441
0.18266666666666667,0.14533333333333334,1.0905887020178712e-16,0,0.7108114615940286,0.2719015509696091
0.18266666666666667,0.15000000000000002,1.6034389710649966e-16,0,0.7067955297661483,0.2745499126125237
0.18266666666666667,0.15466666666666667,1.5444641197138868e-16,0,0.7026151353853278,0.2771962536013699
0.18266666666666667,0.15933333333333333,1.5123621119874313e-16,0,0.6982853668607107,0.27983790114774365
0.18266666666666667,0.164,1.4345311889808854e-16,0,0.6938205495414559,0.28247234140678346
0.18266666666666667,0.1686666666666667,1.4906005089439875e-16,0,0.6892342568171415,0.28509721814873634
0.18266666666666667,0.17333333333333334,1.5202986953767076e-16,0,0.6845393246904191,0.287710330601072
0.18266666666666667,0.178,1.853874589583363e-16,0,0.679747869243817,0.2903096305527727
0.18266666666666667,0.18266666666666667,1.723132290028274e-16,0,0.6748713064753165,0.29289321881395247
0.18266666666666667,0.18733333333333335,2.2651644994840833e-16,0,0.6699203740288169,0.295459341123131
0.18266666666666667,0.192,2.2056635431874507e-16,0,0.6649051543952365,0.2980063835917349
0.18266666666666667,0.19666666666666668,2.8227327648509095e-16,0,0.6598350992071931,0.3005328677711988
0.18266666666666667,0.20133333333333336,2.959614368709575e-16,0,0.6547190542946997,0.303037445422746
0.18266666666666667,0.20600000000000002,2.9642119934505057e-16,0,0.6495652852107838,0.3055188930639162
0.18266666666666667,0.21066666666666667,3.0220007072404577e-16,0,0.6443815029743485,0.3079761063594326
0.18266666666666667,0.21533333333333332,2.79253085612642e-16,0,0.6391748898128157,0.3104080944173392
0.18266666666666667,0.22,2.9123792389639933e-16,0,0.6339521247192322,0.3128139740446537
0.18733333333333335,0.08,9.317674574017582e-17,0,0.730148518156603,0.23439094739041944
0.18733333333333335,0.08466666666666667,8.557592212222324e-17,0,0.7305718037483588,0.23667539381258307
0.18733333333333335,0.08933333333333333,1.3001627103111119e-16,0,0.7305609182182526,0.23901025099270967
0.18733333333333335,0.094,1.1086967037791173e-16,0,0.7301374919258099,0.24139115419830848
0.18733333333333335,0.09866666666666667,1.357141932779648e-16,0,0.7293230952313488,0.24381381346275277
0.18733333333333335,0.10333333333333333,9.0751929073487e-17,0,0.7281391257877043,0.2462740230472602
0.18733333333333335,0.10800000000000001,1.0093291515952376e-16,0,0.7266067084005354,0.24876767084616902
0.18733333333333335,0.11266666666666666,1.2043577665574372e-16,0,0.72474660711218,0.2512907475345759
0.18733333333333335,0.11733333333333335,1.0368273381103007e-16,0,0.7225791490326088,0.25383935527168033
0.18733333333333335,0.122,1.2909784890131206e-16,0,0.7201241593378165,0.2564097157948044
0.18733333333333335,0.12666666666666668,1.4527931909142905e-16,0,0.7174009067784993,0.25899817776550527
0.18733333333333335,0.13133333333333333,1.2216784395203513e-16,0,0.7144280589876446,0.2616012232583069
0.18733333333333335,0.136,8.27547323095139e-17,0,0.7112236468420214,0.264215473312438
0.18733333333333335,0.14066666666666666,1.1407215280251505e-16,0,0.7078050371166058,0.26683769249604783
0.18733333333333335,0.14533333333333334,1.7675196657271196e-16,0,0.7041889126702261,0.2694647924595627
0.18733333333333335,0.15000000000000002,1.285115489671471e-16,0,0.7003912594123725,0.27209383447926083
0.18733333333333335,0.15466666666666667,1.6913283859803022e-16,0,0.6964273593230306,0.2747220310133496
0.18733333333333335,0.15933333333333333,1.9402356966723154e-16,0,0.692311788827153,0.2773467463105326
0.18733333333333335,0.164,2.1067217212826816e-16,0,0.6880584218611963,0.2799654961252185
0.18733333333333335,0.1686666666666667,1.885683739700373e-16,0,0.6836804370092182,0.28257594660432384
0.18733333333333335,0.17333333333333334,1.488143131553574e-16,0,0.6791903281288575,0.2851759124182285
0.18733333333333335,0.178,1.8052001784082994e-16,0,0.674599917931884,0.2877633542132316
0.18733333333333335,0.18266666666666667,2.2651644994840833e-16,0,0.6699203740288169,0.29033637546515534
0.18733333333333335,0.18733333333333335,1.964409018059114e-16,0,0.6651622269915416,0.29289321881395247
0.18733333333333335,0.192,2.313975607336653e-16,0,0.6603353900311408,0.2954322619576376
0.18733333333333335,0.19666666666666668,2.7193579221815953e-16,0,0.6554491799299039,0.29795201318096143
0.18733333333333335,0.20133333333333336,2.6869896322124014e-16,0,0.6505123389061425,0.30045110659029894
0.18733333333333335,0.20600000000000002,3.223033174943939e-16,0,0.6455330571278521,0.30292829712150215
0.18733333333333335,0.21066666666666667,3.165879971762979e-16,0,0.6405189956261597,0.3053824553822533
0.18733333333333335,0.21533333333333332,3.201223241670636e-16,0,0.6354773093918763,0.3078125623849427
0.18733333333333335,0.22,3.479483445777531e-16,0,0.6304146704681781,0.31021770422047146
0.192,0.08,8.601769345149857e-17,0,0.7208735290999687,0.2323680879999207
0.192,0.08466666666666667,1.1960132215885352e-16,0,0.7214338280032224,0.23462339776703722
0.192,0.08933333333333333,9.556969155387785e-17,0,0.7215730977486461,0.23692916949034581
0.192,0.094,1.3503038886792472e-16,0,0.7213114754098361,0.239281137389189
0.192,0.09866666666666667,1.0584629598794239e-16,0,0.7206690982820749,0.2416751104225322
0.192,0.10333333333333333,1.4926882679048704e-16,0,0.7196659970000382,0.24410698098963346
0.192,0.10800000000000001,9.605491784300851e-17,0,0.7183219998084475,0.24657273349650433
0.192,0.11266666666666666,9.281586084749235e-17,0,0.7166566477614286,0.2490684526354373
0.192,0.11733333333333335,1.1931664927057478e-16,0,0.7146891205011039,0.25159033123289165
0.192,0.122,1.2834487382799462e-16,0,0.712438172164996,0.2541346775354987
0.192,0.12666666666666668,9.473960224931826e-17,0,0.7099220768933728,0.2566979218228628
0.192,0.13133333333333333,1.406964276744317e-16,0,0.7071585833499392,0.2592766222575943
0.192,0.136,1.6035178455516903e-16,0,0.7041648776298839,0.2618674699059874
0.192,0.14066666666666666,1.6457121938338294e-16,0,0.7009575539063049,0.26446729288571524
0.192,0.14533333333333334,1.499126383208731e-16,0,0.697552592156899,0.26707305961880623
0.192,0.15000000000000002,1.8019731864327376e-16,0,0.6939653423156525,0.26968188118831327
0.192,0.15466666666666667,1.7375083824641068e-16,0,0.6902105142068331,0.2722910128148528
0.192,0.15933333333333333,1.7668028612449271e-16,0,0.6863021726390728,0.27489785448441173
0.192,0.164,1.682501818023674e-16,0,0.6822537370640094,0.2774999507712895
0.192,0.1686666666666667,2.0885373002086177e-16,0,0.6780779852351964,0.28009498990980763
0.192,0.17333333333333334,1.929705311513681e-16,0,0.6737870603375493,0.282680802175614
0.192,0.178,1.923497352524561e-16,0,0.6693924810941854,0.28525535764224774
0.192,0.18266666666666667,2.2056635431874507e-16,0,0.6649051543952365,0.287816763381339
0.192,0.18733333333333335,2.313975607336653e-16,0,0.6603353900311408,0.29036326017570446
0.192,0.192,2.524095092127462e-16,0,0.655692917150468,0.29289321881395247
0.192,0.19666666666666668,2.8930965945380003e-16,0,0.6509869020988654,0.295405136033285
0.192,0.20133333333333336,2.555858168236721e-16,0,0.6462259673309043,0.29789763017428383
0.192,0.20600000000000002,3.602402796085582e-16,0,0.641418211120064,0.3003694366078
0.192,0.21066666666666667,3.1826963864226034e-16,0,0.636571227823642,0.3028194029898865
0.192,0.21533333333333332,3.4490598757280738e-16,0,0.6316921284888628,0.30524648439616375
0.192,0.22,3.3530726198922323e-16,0,0.6267875616138108,0.3076497383823048
0.19666666666666668,0.08,1.3917582289756163e-16,0,0.7117336001143351,0.2304016231299184
0.19666666666666668,0.08466666666666667,1.4873626971010644e-16,0,0.7124206545716469,0.23262698498275136
0.19666666666666668,0.08933333333333333,8.782758325138087e-17,0,0.7126995641844935,0.23490287255630204
0.19666666666666668,0.094,9.475175609051766e-17,0,0.7125890736342045,0.23722511892932163
0.19666666666666668,0.09866666666666667,1.2734671420206048e-16,0,0.7121079789314635,0.23958963083010776
0.19666666666666668,0.10333333333333333,1.3643929429583676e-16,0,0.7112750263435195,0.2419923967734049
0.19666666666666668,0.10800000000000001,1.0733839181670444e-16,0,0.7101088211986393,0.24442949499139288
0.19666666666666668,0.11266666666666666,1.5311544597103457e-16,0,0.7086277464415894,0.24689710104439033
0.19666666666666668,0.11733333333333335,1.236003809741592e-16,0,0.7068498906958948,0.24939149500074698
0.19666666666666668,0.122,1.2066390109966694e-16,0,0.7047929854912911,0.25190906808472113
0.19666666666666668,0.12666666666666668,1.2887070148658879e-16,0,0.7024743512371754,0.2544463287044856
0.19666666666666668,0.13133333333333333,1.357699027937113e-16,0,0.6999108514633638,0.2569999077884946
0.19666666666666668,0.136,1.9434662667897912e-16,0,0.6971188548064879,0.2595665633759845
0.19666666666666668,0.14066666666666666,1.6691738588692542e-16,0,0.6941142041921204,0.26214318442535045
0.19666666666666668,0.14533333333333334,1.5843401241417584e-16,0,0.6909121926473296,0.2647267938216804
0.19666666666666668,0.15000000000000002,2.0436504467306006e-16,0,0.6875275451740858,0.26731455058112574
0.19666666666666668,0.15466666666666667,1.9963150870458683e-16,0,0.683974406118997,0.2699037512646084
0.19666666666666668,0.15933333333333333,1.7711876368056706e-16,0,0.6802663314875839,0.2724918306262438
0.19666666666666668,0.164,1.8206673786156455e-16,0,0.676416285670228,0.27507636153268944
0.19666666666666668,0.1686666666666667,1.8414875299021106e-16,0,0.6724366420706467,0.27765505419829295
0.19666666666666668,0.17333333333333334,2.2092553588428708e-16,0,0.6683391871550426,0.28022575478753464
0.19666666666666668,0.178,2.626761988273966e-16,0,0.6641351274698262,0.2827864434409171
0.19666666666666668,0.18266666666666667,2.8227327648509095e-16,0,0.6598350992071931,0.285335231783319
0.19666666666666668,0.18733333333333335,2.7193579221815953e-16,0,0.6554491799299039,0.2878703599751513
0.19666666666666668,0.192,2.8930965945380003e-16,0,0.6509869020988654,0.2903901933665852
0.19666666666666668,0.19666666666666668,3.842688249053819e-16,0,0.6464572680788891,0.29289321881395247
0.19666666666666668,0.20133333333333336,3.2420650663666336e-16,0,0.6418687663289474,0.2953780407152983
0.19666666666666668,0.20600000000000002,2.9584635048091025e-16,0,0.6372293885129892,0.29784337681926376
0.19666666666666668,0.21066666666666667,3.7316232137633875e-16,0,0.6325466472957131,0.3002880538581131
0.19666666666666668,0.21533333333333332,3.3611926866656806e-16,0,0.6278275946143506,0.3027110030520028
0.19666666666666668,0.22,3.281176990827945e-16,0,0.6230788402425409,0.3051112555276295
0.20133333333333336,0.08,1.046752909059977e-16,0,0.7027321069751435,0.2284904715427568
0.20133333333333336,0.08466666666666667,1.406820177027189e-16,0,0.7035362673765804,0.23068522415477433
0.20133333333333336,0.08933333333333333,1.311136694927723e-16,0,0.703944889941338,0.23293056841996307
0.20133333333333336,0.094,1.2075097917236861e-16,0,0.7039754217760945,0.23522243640051788
0.20133333333333336,0.09866666666666667,1.3926959539743923e-16,0,0.7036454044136808,0.23755683186528864
0.20133333333333336,0.10333333333333333,1.2996630733351198e-16,0,0.7029723784667923,0.23992983800969547
0.20133333333333336,0.10800000000000001,1.0793100320016353e-16,0,0.7019737970125776,0.24233762490657085
0.20133333333333336,0.11266666666666666,1.2802225551016468e-16,0,0.7006669476607246,0.2447764566037246
0.20133333333333336,0.11733333333333335,1.103491622795162e-16,0,0.6990688831472727,0.24724269778516894
0.20133333333333336,0.122,1.5239007404859794e-16,0,0.6971963602037445,0.24973281991869645
0.20133333333333336,0.12666666666666668,1.8283790936625815e-16,0,0.6950657863755807,0.2522434068217677
0.20133333333333336,0.13133333333333333,1.503989706504326e-16,0,0.6926931744041313,0.2547711595894384
0.20133333333333336,0.136,1.6377655386017024e-16,0,0.6900941037414194,0.2573129008413666
0.20133333333333336,0.14066666666666666,1.804175909332701e-16,0,0.6872836887350677,0.25986557825892265
0.20133333333333336,0.14533333333333334,1.8291792615324325e-16,0,0.6842765530007288,0.26242626739734665
0.20133333333333336,0.15000000000000002,1.9808258512277218e-16,0,0.6810868094895506,0.264992173771205
0.20133333333333336,0.15466666666666667,1.6341077907083632e-16,0,0.6777280457572192,0.26756063422359844
0.20133333333333336,0.15933333333333333,1.9510913783436075e-16,0,0.6742133139474507,0.27012911760041824
0.20133333333333336,0.164,2.0282613302336315e-16,0,0.6705551250152959,0.2726952247601985
0.20133333333333336,0.1686666666666667,2.2238811947604095e-16,0,0.6667654467328495,0.27525668795771685
0.20133333333333336,0.17333333333333334,2.457029119460726e-16,0,0.6628557050410055,0.27781136964543507
0.20133333333333336,0.178,2.681234802682954e-16,0,0.6588367883346902,0.2803572607412188
0.20133333333333336,0.18266666666666667,2.959614368709575e-16,0,0.6547190542946997,0.2828924784136385
0.20133333333333336,0.18733333333333335,2.6869896322124014e-16,0,0.6505123389061425,0.28541526343767454
0.20133333333333336,0.192,2.555858168236721e-16,0,0.6462259673309043,0.28792397717399676
0.20133333333333336,0.19666666666666668,3.2420650663666336e-16,0,0.6418687663289474,0.2904170982243346
0.20133333333333336,0.20133333333333336,2.7073043407542966e-16,0,0.6374490779503119,0.2928932188139526
0.20133333333333336,0.20600000000000002,3.397769103434479e-16,0,0.6329747742459008,0.29535104095010145
0.20133333333333336,0.21066666666666667,3.0838923357914437e-16,0,0.6284532727704029,0.29778937240263503
0.20133333333333336,0.21533333333333332,3.2224942179514466e-16,0,0.6238915526747135,0.3002071225499431
0.20133333333333336,0.22,3.545140410319957e-16,0,0.6192961712078275,0.30260329813003073
0.20600000000000002,0.08,1.288889519166409e-16,0,0.6938716094909994,0.22663344930682305
0.20600000000000002,0.08466666666666667,1.59449953034378e-16,0,0.6947838096249868,0.22879706854166715
0.20600000000000002,0.08933333333333333,1.3728801825789207e-16,0,0.695312786116765,0.23101133927462625
0.20600000000000002,0.094,1.6852639879302887e-16,0,0.6954747774480712,0.2332722927324531
0.20600000000000002,0.09866666666666667,1.4858479083969773e-16,0,0.695286152597814,0.2355760292381418
0.20600000000000002,0.10333333333333333,1.130860663817695e-16,0,0.6947633212881076,0.23791872562094762
0.20600000000000002,0.10800000000000001,1.1790975292772474e-16,0,0.6939226519337022,0.24029664230403058
0.20600000000000002,0.11266666666666666,1.7999380056126004e-16,0,0.6927803973100413,0.2427061300089326
0.20600000000000002,0.11733333333333335,1.5765248507864712e-16,0,0.6913526278527207,0.24514363601562195
0.20600000000000002,0.122,1.6258473831680937e-16,0,0.6896551724137934,0.24760570992018704
0.20600000000000002,0.12666666666666668,1.816570329990575e-16,0,0.6877035662276456,0.25008900883856444
0.20600000000000002,0.13133333333333333,1.7684178595907915e-16,0,0.6855130057803469,0.2525903020132606
0.20600000000000002,0.136,1.6688017035218757e-16,0,0.6830983102304955,0.2551064747900631
0.20600000000000002,0.14066666666666666,1.752230092103226e-16,0,0.6804738889955162,0.2576345319425408
0.20600000000000002,0.14533333333333334,1.8633593125069255e-16,0,0.6776537150939759,0.2601716003331801
0.20600000000000002,0.15000000000000002,1.8034152824897926e-16,0,0.6746513038204976,0.262714930910672
0.20600000000000002,0.15466666666666667,2.1110388642741256e-16,0,0.6714796963240317,0.26526190005290984
0.20600000000000002,0.15933333333333333,2.2117797443871023e-16,0,0.66815144766147,0.2678100102742559
0.20600000000000002,0.164,1.966279905564088e-16,0,0.6646786189056162,0.27035689032350396
0.20600000000000002,0.1686666666666667,2.5545815924334863e-16,0,0.6610727728983692,0.2729002947055279
0.20600000000000002,0.17333333333333334,2.464763440313686e-16,0,0.6573449732556484,0.27543810266485735
0.20600000000000002,0.178,2.805257659573622e-16,0,0.6535057862491491,0.27796831667338917
0.20600000000000002,0.18266666666666667,2.9642119934505057e-16,0,0.6495652852107838,0.2804890604671688
0.20600000000000002,0.18733333333333335,3.223033174943939e-16,0,0.6455330571278521,0.28299857667877903
0.20600000000000002,0.192,3.602402796085582e-16,0,0.641418211120064,0.28549522411246353
0.20600000000000002,0.19666666666666668,2.9584635048091025e-16,0,0.6372293885129892,0.2879774747088327
0.20600000000000002,0.20133333333333336,3.397769103434479e-16,0,0.6329747742459008,0.2904439102449474
0.20600000000000002,0.20600000000000002,3.344180505700498e-16,0,0.6286621093749891,0.2928932188139526
0.20600000000000002,0.21066666666666667,3.49710041937578e-16,0,0.6242987044552981,0.2953241911262887
0.20600000000000002,0.21533333333333332,3.6330141970217616e-16,0,0.6198914536061226,0.29773571667204546
0.20600000000000002,0.22,3.700780018414797e-16,0,0.6154468490851694,0.3001267797813031
0.21066666666666667,0.08,1.3212243779707143e-16,0,0.6851539501115738,0.22482929443848376
0.21066666666666667,0.08466666666666667,1.4569552446640718e-16,0,0.6861656813898859,0.22696138102025631
0.21066666666666667,0.08933333333333333,1.4483729339260883e-16,0,0.6868061985531284,0.2291441664150431
0.21066666666666667,0.094,1.2853029381682035e-16,0,0.6870906147732005,0.23137378114082596
0.21066666666666667,0.09866666666666667,1.6396444763238781e-16,0,0.6870342036424666,0.2336464216942432
0.21066666666666667,0.10333333333333333,1.6216123930138442e-16,0,0.6866523148395629,0.2359583577271086
0.21066666666666667,0.10800000000000001,1.6929020739596384e-16,0,0.6859602965797653,0.2383059388574129
0.21066666666666667,0.11266666666666666,1.6292851797939308e-16,0,0.6849734249142019,0.24068560107195158
0.21066666666666667,0.11733333333333335,1.597983468086958e-16,0,0.6837068398476946,0.24309387267639337
0.21066666666666667,0.122,1.8214011915949298e-16,0,0.6821754881633211,0.24552737975036376
0.21066666666666667,0.12666666666666668,1.909865642300609e-16,0,0.6803940727725839,0.24798285106935514
0.21066666666666667,0.13133333333333333,1.9517329724053928e-16,0,0.6783770083529854,0.25045712246148555
0.21066666666666667,0.136,1.7944501607605272e-16,0,0.6761383829890519,0.25294714057465695
0.21066666666666667,0.14066666666666666,1.9041387326809766e-16,0,0.6736919254975989,0.25544996603803094
0.21066666666666667,0.14533333333333334,2.1571989564352265e-16,0,0.671050978092406,0.2579627760104001
0.21066666666666667,0.15000000000000002,2.3229814351780746e-16,0,0.6682284740263749,0.2604828661166424
0.21066666666666667,0.15466666666666667,2.2103082281144013e-16,0,0.665236919839761,0.2630076517815907
0.21066666666666667,0.15933333333333333,2.2735494202826387e-16,0,0.6620883818400887,0.2655346689781203
0.21066666666666667,0.164,2.5410055421942e-16,0,0.6587944764420413,0.26806157441288125
0.21066666666666667,0.1686666666666667,2.76094916043237e-16,0,0.6553663640028411,0.27058614517870094
0.21066666666666667,0.17333333333333334,2.804970366840625e-16,0,0.6518147457997934,0.27310627790728426
0.21066666666666667,0.178,2.933927810821437e-16,0,0.6481498638107062,0.2756199874593728
0.21066666666666667,0.18266666666666667,3.0220007072404577e-16,0,0.6443815029743485,0.2781254051920554
0.21066666666666667,0.18733333333333335,3.165879971762979e-16,0,0.6405189956261597,0.2806207768445086
0.21066666666666667,0.192,3.1826963864226034e-16,0,0.636571227823642,0.28310446008417145
0.21066666666666667,0.19666666666666668,3.7316232137633875e-16,0,0.6325466472957131,0.28557492175531907
0.21066666666666667,0.20133333333333336,3.0838923357914437e-16,0,0.6284532727704029,0.2880307348713008
0.21066666666666667,0.20600000000000002,3.49710041937578e-16,0,0.6242987044552981,0.2904705753904451
0.21066666666666667,0.21066666666666667,3.6278434096683814e-16,0,0.6200901354647405,0.2928932188139526
0.21066666666666667,0.21533333333333332,3.61823926477309e-16,0,0.6158343640069797,0.29529753664204417
0.21066666666666667,0.22,3.6713172884490647e-16,199,0.6115378061623308,0.04142363649572134
0.21533333333333332,0.08,1.2959271893398515e-16,0,0.6765803420065264,0.22307668775060063
0.21533333333333332,0.08466666666666667,1.540292920342074e-16,0,0.6776836271635682,0.22517695548729622
0.21533333333333332,0.08933333333333333,1.7472954192530306e-16,0,0.6784273944132421,0.22732795190351274
0.21533333333333332,0.094,1.868369874261607e-16,0,0.678825709548425,0.22952590680588192
0.21533333333333332,0.09866666666666667,1.7728050875265245e-16,0,0.6788928233389229,0.2317671124919508
0.21533333333333332,0.10333333333333333,1.5384160203829732e-16,0,0.6786430924166134,0.23404793074609387
0.21533333333333332,0.10800000000000001,1.851240220847304e-16,0,0.6780909061251885,0.2363647994366147
0.21533333333333332,0.11266666666666666,2.0468327204846806e-16,0,0.6772506194365421,0.2387142386847091
0.21533333333333332,0.11733333333333335,1.810515615351572e-16,0,0.6761364919491435,0.24109285657428925
0.21533333333333332,0.122,1.8439938585659695e-16,0,0.6747626329077917,0.24349735437245223
0.21533333333333332,0.12666666666666668,1.9082025007513562e-16,0,0.673142952118935,0.2459245312332009
0.21533333333333332,0.13133333333333333,2.1907602931687794e-16,0,0.671291116580891,0.24837128836151612
0.21533333333333332,0.136,2.0822292850135787e-16,0,0.6692205126034414,0.25083463262053673
0.21533333333333332,0.14066666666666666,2.3181239221126397e-16,0,0.6669442131557041,0.2533116795710617
0.21533333333333332,0.14533333333333334,2.0959712566780687e-16,0,0.6644749501541438,0.255799655939407
0.21533333333333332,0.15000000000000002,2.1103375461108084e-16,0,0.6618250913833916,0.2582959015165307
0.21533333333333332,0.15466666666666667,2.526172870972138e-16,0,0.6590066217301993,0.2607978704979561
0.21533333333333332,0.15933333333333333,2.917274237176192e-16,0,0.6560311284046692,0.26330313228020186
0.21533333333333332,0.164,2.7868302752489337e-16,0,0.6529097898219514,0.26580937173492725
0.21533333333333332,0.1686666666666667,2.9242163597072907e-16,0,0.6496533678211047,0.2683143889867987
0.21533333333333332,0.17333333333333334,3.0500665357913215e-16,0,0.6462722029050839,0.27081609872501733
0.21533333333333332,0.178,3.304454288824694e-16,0,0.6427762121960432,0.27331252908159653
0.21533333333333332,0.18266666666666667,2.79253085612642e-16,0,0.6391748898128157,0.2758018201117458
0.21533333333333332,0.18733333333333335,3.201223241670636e-16,0,0.6354773093918763,0.27828222191324203
0.21533333333333332,0.192,3.4490598757280738e-16,0,0.6316921284888628,0.2807520924224418
0.21533333333333332,0.19666666666666668,3.3611926866656806e-16,0,0.6278275946143506,0.2832098949247128
0.21533333333333332,0.20133333333333336,3.2224942179514466e-16,0,0.6238915526747135,0.2856541953166133
0.21533333333333332,0.20600000000000002,3.6330141970217616e-16,0,0.6198914536061226,0.2880836591561756
0.21533333333333332,0.21066666666666667,3.61823926477309e-16,0,0.6158343640069797,0.29049704853622027
0.21533333333333332,0.21533333333333332,3.7351271841315376e-16,0,0.6117269765907137,0.2928932188139526
0.21533333333333332,0.22,3.5937030486262786e-16,0,0.6075756212969614,0.2952711152282762
0.22,0.08,2.1058100661454246e-16,0,0.6681514476614698,0.2213742704240289
0.22,0.08466666666666667,1.9973920658951342e-16,0,0.6693388143280496,0.22344253507439538
0.22,0.08933333333333333,2.0669644844196997e-16,0,0.6701780401143926,0.22556153717748528
0.22,0.094,2.0758504878786985e-16,0,0.6706822162416166,0.22772760564983174
0.22,0.09866666666666667,2.0498763395284655e-16,0,0.6708646387903855,0.22993712815664613
0.22,0.10333333333333333,2.2107028892060025e-16,0,0.6707387345856867,0.23218655796227516
0.22,0.10800000000000001,2.2712712872269134e-16,0,0.6703179923158673,0.23447242035768578
0.22,0.11266666666666666,2.2770571690043957e-16,0,0.669615899016376,0.2367913186456826
0.22,0.11733333333333335,2.0927605667215284e-16,0,0.6686458819694663,0.2391399396628714
0.22,0.122,2.3134829901420117e-16,0,0.6674212560009369,0.24151505881762314
0.22,0.12666666666666668,2.2089340637682783e-16,0,0.6659551760939171,0.24391354462518466
0.22,0.13133333333333333,1.9798347199003444e-16,0,0.6642605951875773,0.2463323627243469
0.22,0.136,2.2514201152380167e-16,0,0.66235022698519,0.2487685793643627
0.22,0.14066666666666666,2.585935045379976e-16,0,0.6602365135606804,0.2512193643557967
0.22,0.14533333333333334,2.2138008458724238e-16,0,0.657931597525153,0.25368199348436826
0.22,0.15000000000000002,2.71162092794869e-16,0,0.6554472984942432,0.2561538503923446
0.22,0.15466666666666667,2.7227216771518783e-16,0,0.6527950935827841,0.258632427937427
0.22,0.15933333333333333,2.5848077776153073e-16,0,0.6499861016445757,0.2611153290441267
0.22,0.164,3.0685034897636263e-16,0,0.6470310709712208,0.2636002670672275
0.22,0.1686666666666667,2.9276647193052374e-16,0,0.6439403701644643,0.2660850656909761
0.22,0.17333333333333334,3.1924607565074056e-16,0,0.6407239819004527,0.26856765839100327
0.22,0.178,3.2077950268641547e-16,0,0.6373914993113603,0.27104608748873205
0.22,0.18266666666666667,2.9123792389639933e-16,0,0.6339521247192322,0.27351850283005585
0.22,0.18733333333333335,3.479483445777531e-16,0,0.6304146704681781,0.2759831601214593
0.22,0.192,3.3530726198922323e-16,0,0.6267875616138108,0.2784384189575402
0.22,0.19666666666666668,3.281176990827945e-16,0,0.6230788402425409,0.2808827405741131
0.22,0.20133333333333336,3.545140410319957e-16,0,0.6192961712078275,0.2833146853608096
0.22,0.20600000000000002,3.700780018414797e-16,0,0.6154468490851694,0.28573291016644453
0.22,0.21066666666666667,3.6713172884490647e-16,199,0.6115378061623308,0.7151643362752856
0.22,0.21533333333333332,3.5937030486262786e-16,0,0.6075756212969614,0.2905232921603502
0.22,0.22,3.7404507258099643e-16,0,0.6035665294866515,0.2928932188139526
